account_id,created_at,account_type,signup_country_code,email_fingerprint,email_domain,phone_fingerprint,payment_fingerprint,device_fingerprint,shipping_address_fingerprint,support_language,reseller_id,acquisition_channel,status,synthetic_segment
ACCT-000111,2025-08-21 16:38:21,business,C07,eml_beded0acfa14,greenpost.test,phn_beded0acfa14,pay_beded0acfa14,dev_beded0acfa14,addr_beded0acfa14,Spanish,,support_assisted,active,baseline
ACCT-000166,2025-04-28 03:09:43,individual,C05,eml_961ccc64ec03,ardentmail.test,phn_961ccc64ec03,pay_961ccc64ec03,dev_961ccc64ec03,addr_961ccc64ec03,French,,support_assisted,limited,baseline
ACCT-000114,2026-01-22 03:40:03,business,C04,eml_20b631596f98,northmail.test,phn_20b631596f98,pay_20b631596f98,dev_20b631596f98,addr_20b631596f98,Spanish,,marketplace,active,baseline
ACCT-000048,2025-03-25 02:55:52,business,C02,eml_13c36fff183e,ardentmail.test,phn_13c36fff183e,pay_e4dcd8395e79,dev_13c36fff183e,addr_13c36fff183e,Spanish,RSL-023,partner_portal,active,chargeback_cluster
ACCT-000014,2026-01-03 16:51:16,business,C06,eml_81b3f18f0c0b,vespera-mail.test,phn_81b3f18f0c0b,pay_81b3f18f0c0b,dev_e545545833e3,addr_81b3f18f0c0b,English,RSL-004,support_assisted,active,shared_device_beta
ACCT-000009,2025-05-09 14:11:22,individual,C04,eml_0f7c343f4114,ardentmail.test,phn_0f7c343f4114,pay_0f7c343f4114,dev_e545545833e3,addr_0f7c343f4114,English,,marketplace,active,shared_device_beta
ACCT-000216,2025-09-26 14:10:25,reseller,C08,eml_637168834797,ardentmail.test,phn_637168834797,pay_637168834797,dev_637168834797,addr_637168834797,Spanish,RSL-012,organic_web,active,baseline
ACCT-000358,2025-02-17 07:13:16,reseller,C07,eml_a17aa3d28a22,greenpost.test,phn_a17aa3d28a22,pay_a17aa3d28a22,dev_a17aa3d28a22,addr_a17aa3d28a22,Spanish,,partner_portal,active,baseline
ACCT-000122,2025-12-27 22:34:26,reseller,C05,eml_50bcb03b7f87,examplemail.test,phn_50bcb03b7f87,pay_50bcb03b7f87,dev_50bcb03b7f87,addr_50bcb03b7f87,English,RSL-014,support_assisted,closed,baseline
ACCT-000094,2025-07-06 04:49:40,business,C02,eml_0a1f038ee700,ardentmail.test,phn_0a1f038ee700,pay_0a1f038ee700,dev_0a1f038ee700,addr_0a1f038ee700,English,RSL-001,partner_portal,active,baseline
ACCT-000154,2025-10-09 09:25:23,individual,C02,eml_44a41e68c362,examplemail.test,phn_44a41e68c362,pay_44a41e68c362,dev_44a41e68c362,addr_44a41e68c362,English,,paid_search,active,baseline
ACCT-000147,2025-03-08 07:42:50,business,C07,eml_f53d8ae36b73,examplemail.test,phn_f53d8ae36b73,pay_f53d8ae36b73,dev_f53d8ae36b73,addr_f53d8ae36b73,French,RSL-020,partner_portal,active,baseline
ACCT-000098,2025-08-21 05:29:03,business,C08,eml_e69effde1e33,vespera-mail.test,phn_e69effde1e33,pay_e69effde1e33,dev_e69effde1e33,addr_e69effde1e33,Spanish,,paid_search,active,baseline
ACCT-000247,2026-02-05 13:31:39,individual,C03,eml_56394b59fe14,lydora-inbox.test,phn_56394b59fe14,pay_56394b59fe14,dev_56394b59fe14,addr_56394b59fe14,French,,partner_portal,active,baseline
ACCT-000087,2025-07-14 19:11:45,individual,C01,eml_8f5fab953777,northmail.test,phn_8f5fab953777,pay_8f5fab953777,dev_8f5fab953777,addr_8f5fab953777,Portuguese,,support_assisted,active,baseline
ACCT-000010,2025-11-07 05:45:19,reseller,C04,eml_688c2bb6baa9,lydora-inbox.test,phn_688c2bb6baa9,pay_688c2bb6baa9,dev_e545545833e3,addr_688c2bb6baa9,Mandarin,,paid_search,active,shared_device_beta
ACCT-000073,2026-01-12 10:06:57,individual,C03,eml_5af8f40a9070,ardentmail.test,phn_5af8f40a9070,pay_5af8f40a9070,dev_5af8f40a9070,addr_5af8f40a9070,Arabic,,support_assisted,active,support_script_cluster
ACCT-000066,2025-07-28 19:15:19,reseller,C04,eml_bc085cd220ca,relaydrop.test,phn_bc085cd220ca,pay_bc085cd220ca,dev_bc085cd220ca,addr_bc085cd220ca,Arabic,RSL-004,marketplace,under_review,watchlisted_reseller_cluster
ACCT-000157,2025-05-16 02:15:22,individual,C08,eml_a9f3dd0ae897,vespera-mail.test,phn_a9f3dd0ae897,pay_a9f3dd0ae897,dev_a9f3dd0ae897,addr_a9f3dd0ae897,English,,partner_portal,under_review,baseline
ACCT-000059,2025-11-24 18:32:16,individual,C05,eml_077da75ae40c,examplemail.test,phn_834454c5b5cc,pay_077da75ae40c,dev_4a2d4598de0f,addr_077da75ae40c,Spanish,,paid_search,active,abuse_report_cluster
ACCT-000250,2025-05-05 09:20:14,individual,C05,eml_3fc0087e7063,ardentmail.test,phn_3fc0087e7063,pay_3fc0087e7063,dev_3fc0087e7063,addr_3fc0087e7063,Mandarin,,marketplace,limited,baseline
ACCT-000316,2026-01-11 07:30:19,individual,C03,eml_72aecf0f82ca,lydora-inbox.test,phn_72aecf0f82ca,pay_72aecf0f82ca,dev_72aecf0f82ca,addr_72aecf0f82ca,Mandarin,,paid_search,active,baseline
ACCT-000142,2026-01-10 20:39:42,individual,C02,eml_cdab855c2dcd,examplemail.test,phn_cdab855c2dcd,pay_cdab855c2dcd,dev_cdab855c2dcd,addr_cdab855c2dcd,English,,marketplace,active,baseline
ACCT-000299,2025-03-21 17:43:54,individual,C07,eml_8cb7b0e3d167,northmail.test,phn_8cb7b0e3d167,pay_8cb7b0e3d167,dev_8cb7b0e3d167,addr_8cb7b0e3d167,English,,organic_web,active,baseline
ACCT-000230,2025-07-08 10:52:16,individual,C06,eml_8be39bed7a9d,vespera-mail.test,phn_8be39bed7a9d,pay_8be39bed7a9d,dev_8be39bed7a9d,addr_8be39bed7a9d,English,,partner_portal,active,baseline
ACCT-000325,2025-03-08 03:53:28,business,C03,eml_83055acd3193,greenpost.test,phn_83055acd3193,pay_83055acd3193,dev_83055acd3193,addr_83055acd3193,English,RSL-008,partner_portal,active,baseline
ACCT-000226,2026-02-05 17:43:24,individual,C05,eml_dff30c0d26ae,ardentmail.test,phn_dff30c0d26ae,pay_dff30c0d26ae,dev_dff30c0d26ae,addr_dff30c0d26ae,English,,partner_portal,active,baseline
ACCT-000320,2025-12-26 05:18:49,individual,C07,eml_94e64009c284,lydora-inbox.test,phn_94e64009c284,pay_94e64009c284,dev_94e64009c284,addr_94e64009c284,Spanish,,paid_search,active,baseline
ACCT-000199,2025-01-26 11:42:22,individual,C08,eml_c1137df9b097,vespera-mail.test,phn_c1137df9b097,pay_c1137df9b097,dev_c1137df9b097,addr_c1137df9b097,English,,marketplace,active,baseline
ACCT-000069,2025-07-06 23:57:46,business,C03,eml_be10477fb44b,lydora-inbox.test,phn_be10477fb44b,pay_be10477fb44b,dev_be10477fb44b,addr_be10477fb44b,Arabic,,paid_search,active,support_script_cluster
ACCT-000308,2026-03-15 06:56:07,individual,C01,eml_e2d647d947be,ardentmail.test,phn_e2d647d947be,pay_e2d647d947be,dev_e2d647d947be,addr_e2d647d947be,English,,support_assisted,active,baseline
ACCT-000085,2025-08-28 06:17:59,individual,C08,eml_8ad6e2e25b2a,ardentmail.test,phn_8ad6e2e25b2a,pay_8ad6e2e25b2a,dev_8ad6e2e25b2a,addr_8ad6e2e25b2a,Mandarin,,marketplace,active,baseline
ACCT-000076,2025-01-10 20:38:37,individual,C01,eml_3a2db34ac1f3,lydora-inbox.test,phn_3a2db34ac1f3,pay_3a2db34ac1f3,dev_3a2db34ac1f3,addr_3a2db34ac1f3,Spanish,,paid_search,active,baseline
ACCT-000200,2025-04-18 06:49:22,individual,C02,eml_98052ecdf0cf,lydora-inbox.test,phn_98052ecdf0cf,pay_98052ecdf0cf,dev_98052ecdf0cf,addr_98052ecdf0cf,English,,organic_web,active,baseline
ACCT-000246,2025-08-18 11:39:02,individual,C07,eml_ecf4e2b5d87f,northmail.test,phn_ecf4e2b5d87f,pay_ecf4e2b5d87f,dev_ecf4e2b5d87f,addr_ecf4e2b5d87f,English,,support_assisted,active,baseline
ACCT-000310,2025-04-19 10:29:12,business,C02,eml_ffb30afa120a,northmail.test,phn_ffb30afa120a,pay_ffb30afa120a,dev_ffb30afa120a,addr_ffb30afa120a,French,RSL-022,partner_portal,active,baseline
ACCT-000227,2026-01-30 09:02:12,business,C01,eml_63a2dc67cf73,vespera-mail.test,phn_63a2dc67cf73,pay_63a2dc67cf73,dev_63a2dc67cf73,addr_63a2dc67cf73,Spanish,,paid_search,active,baseline
ACCT-000047,2025-06-01 08:32:07,business,C01,eml_905e73d57bef,lydora-inbox.test,phn_905e73d57bef,pay_e4dcd8395e79,dev_905e73d57bef,addr_905e73d57bef,English,,support_assisted,active,chargeback_cluster
ACCT-000196,2025-12-12 03:03:07,individual,C07,eml_f43fd56618b7,examplemail.test,phn_f43fd56618b7,pay_f43fd56618b7,dev_f43fd56618b7,addr_f43fd56618b7,French,,paid_search,limited,baseline
ACCT-000186,2025-10-08 10:08:28,individual,C01,eml_425805048b22,ardentmail.test,phn_425805048b22,pay_425805048b22,dev_425805048b22,addr_425805048b22,Spanish,,paid_search,active,baseline
ACCT-000161,2025-03-01 22:22:10,business,C08,eml_7617d4ab4981,examplemail.test,phn_7617d4ab4981,pay_7617d4ab4981,dev_7617d4ab4981,addr_7617d4ab4981,Spanish,,partner_portal,active,baseline
ACCT-000044,2025-09-08 15:09:39,individual,C03,eml_f8ff8c51eb52,lydora-inbox.test,phn_f8ff8c51eb52,pay_e4dcd8395e79,dev_f8ff8c51eb52,addr_f8ff8c51eb52,French,,marketplace,active,chargeback_cluster
ACCT-000179,2025-09-29 20:44:17,reseller,C02,eml_930e4a401618,lydora-inbox.test,phn_930e4a401618,pay_930e4a401618,dev_930e4a401618,addr_930e4a401618,Spanish,,paid_search,active,baseline
ACCT-000279,2025-07-11 04:44:22,individual,C08,eml_08a1e80d0317,vespera-mail.test,phn_08a1e80d0317,pay_08a1e80d0317,dev_08a1e80d0317,addr_08a1e80d0317,Portuguese,,support_assisted,active,baseline
ACCT-000203,2025-12-13 01:28:26,reseller,C05,eml_944937e2e33b,greenpost.test,phn_944937e2e33b,pay_944937e2e33b,dev_944937e2e33b,addr_944937e2e33b,French,,support_assisted,active,baseline
ACCT-000249,2025-01-10 05:10:39,individual,C02,eml_3e0b3bdf68d3,greenpost.test,phn_3e0b3bdf68d3,pay_3e0b3bdf68d3,dev_3e0b3bdf68d3,addr_3e0b3bdf68d3,French,,partner_portal,active,baseline
ACCT-000124,2025-05-01 08:30:56,business,C05,eml_669c29a259a3,lydora-inbox.test,phn_669c29a259a3,pay_669c29a259a3,dev_669c29a259a3,addr_669c29a259a3,Spanish,,organic_web,closed,baseline
ACCT-000243,2025-08-14 04:03:19,business,C05,eml_fac93da4d0c2,ardentmail.test,phn_fac93da4d0c2,pay_fac93da4d0c2,dev_fac93da4d0c2,addr_fac93da4d0c2,English,RSL-019,partner_portal,under_review,baseline
ACCT-000100,2025-07-01 17:55:10,business,C07,eml_413ec98581f2,greenpost.test,phn_413ec98581f2,pay_413ec98581f2,dev_413ec98581f2,addr_413ec98581f2,French,,paid_search,active,baseline
ACCT-000232,2026-02-08 04:57:21,individual,C07,eml_12088d33850f,greenpost.test,phn_12088d33850f,pay_12088d33850f,dev_12088d33850f,addr_12088d33850f,Portuguese,,paid_search,active,baseline
ACCT-000271,2025-07-18 09:27:48,individual,C06,eml_0ba68a7e013c,vespera-mail.test,phn_0ba68a7e013c,pay_0ba68a7e013c,dev_0ba68a7e013c,addr_0ba68a7e013c,English,,organic_web,active,baseline
ACCT-000306,2025-06-06 08:08:35,individual,C05,eml_697f17efe95b,northmail.test,phn_697f17efe95b,pay_697f17efe95b,dev_697f17efe95b,addr_697f17efe95b,Portuguese,,marketplace,under_review,baseline
ACCT-000110,2025-01-08 15:10:50,business,C08,eml_737103536083,greenpost.test,phn_737103536083,pay_737103536083,dev_737103536083,addr_737103536083,French,,support_assisted,active,baseline
ACCT-000290,2025-02-03 09:13:20,individual,C01,eml_9259f6debc16,vespera-mail.test,phn_9259f6debc16,pay_9259f6debc16,dev_9259f6debc16,addr_9259f6debc16,Mandarin,,support_assisted,active,baseline
ACCT-000236,2026-02-27 05:48:42,individual,C03,eml_2e2c36472cf5,lydora-inbox.test,phn_2e2c36472cf5,pay_2e2c36472cf5,dev_2e2c36472cf5,addr_2e2c36472cf5,Arabic,,paid_search,under_review,baseline
ACCT-000113,2025-11-04 18:21:13,individual,C01,eml_1171032f7f52,ardentmail.test,phn_1171032f7f52,pay_1171032f7f52,dev_1171032f7f52,addr_1171032f7f52,Mandarin,,support_assisted,active,baseline
ACCT-000015,2025-02-12 09:49:26,business,C02,eml_a2bcdaaa3e9d,examplemail.test,phn_a2bcdaaa3e9d,pay_a2bcdaaa3e9d,dev_e545545833e3,addr_a2bcdaaa3e9d,English,,paid_search,active,shared_device_beta
ACCT-000039,2025-07-26 12:39:06,individual,C01,eml_e92a27813ca9,ardentmail.test,phn_e92a27813ca9,pay_e92a27813ca9,dev_e92a27813ca9,addr_4272d7b750b1,English,,paid_search,active,diversion_path_cluster
ACCT-000021,2026-01-06 15:58:55,individual,C01,eml_55168a8482b0,ardentmail.test,phn_55168a8482b0,pay_55168a8482b0,dev_55168a8482b0,addr_9a6f846daeb6,English,,support_assisted,under_review,shared_shipping_gamma
ACCT-000304,2025-06-02 05:16:59,individual,C06,eml_cc4b49ea4c79,northmail.test,phn_cc4b49ea4c79,pay_cc4b49ea4c79,dev_cc4b49ea4c79,addr_cc4b49ea4c79,English,,support_assisted,closed,baseline
ACCT-000346,2025-05-09 21:36:40,individual,C04,eml_66f9b0f16e44,vespera-mail.test,phn_66f9b0f16e44,pay_66f9b0f16e44,dev_66f9b0f16e44,addr_66f9b0f16e44,English,,partner_portal,active,baseline
ACCT-000153,2025-11-21 18:22:47,individual,C08,eml_0d57552197a0,lydora-inbox.test,phn_0d57552197a0,pay_0d57552197a0,dev_0d57552197a0,addr_0d57552197a0,English,,support_assisted,active,baseline
ACCT-000144,2025-07-28 01:35:13,individual,C06,eml_7922ef4e5763,greenpost.test,phn_7922ef4e5763,pay_7922ef4e5763,dev_7922ef4e5763,addr_7922ef4e5763,French,,paid_search,active,baseline
ACCT-000042,2025-11-14 12:59:44,individual,C04,eml_e0e6e4c4b19f,vespera-mail.test,phn_e0e6e4c4b19f,pay_e0e6e4c4b19f,dev_e0e6e4c4b19f,addr_4272d7b750b1,English,,marketplace,active,diversion_path_cluster
ACCT-000333,2025-01-26 08:49:05,individual,C02,eml_b6210cf80662,greenpost.test,phn_b6210cf80662,pay_b6210cf80662,dev_b6210cf80662,addr_b6210cf80662,Mandarin,,marketplace,active,baseline
ACCT-000151,2025-05-17 19:11:18,individual,C06,eml_fbae63c24c1f,ardentmail.test,phn_fbae63c24c1f,pay_fbae63c24c1f,dev_fbae63c24c1f,addr_fbae63c24c1f,French,,organic_web,active,baseline
ACCT-000063,2025-07-08 23:02:26,reseller,C01,eml_959f3d834870,relaydrop.test,phn_959f3d834870,pay_959f3d834870,dev_959f3d834870,addr_959f3d834870,Mandarin,RSL-004,paid_search,active,watchlisted_reseller_cluster
ACCT-000248,2025-07-12 23:55:58,individual,C06,eml_a54ff92e8848,lydora-inbox.test,phn_a54ff92e8848,pay_a54ff92e8848,dev_a54ff92e8848,addr_a54ff92e8848,English,,paid_search,active,baseline
ACCT-000099,2026-03-06 00:29:10,business,C04,eml_c09e21fed58b,greenpost.test,phn_c09e21fed58b,pay_c09e21fed58b,dev_c09e21fed58b,addr_c09e21fed58b,Mandarin,,partner_portal,under_review,baseline
ACCT-000328,2025-01-08 18:38:53,individual,C08,eml_3d3bb3309a77,northmail.test,phn_3d3bb3309a77,pay_3d3bb3309a77,dev_3d3bb3309a77,addr_3d3bb3309a77,Arabic,,partner_portal,under_review,baseline
ACCT-000245,2025-09-15 04:23:54,individual,C01,eml_290e99613e54,lydora-inbox.test,phn_290e99613e54,pay_290e99613e54,dev_290e99613e54,addr_290e99613e54,French,,marketplace,active,baseline
ACCT-000190,2026-01-08 00:28:03,business,C01,eml_b5051b3cca68,examplemail.test,phn_b5051b3cca68,pay_b5051b3cca68,dev_b5051b3cca68,addr_b5051b3cca68,French,,paid_search,closed,baseline
ACCT-000264,2025-02-08 03:23:32,individual,C04,eml_56c30bccb9f4,examplemail.test,phn_56c30bccb9f4,pay_56c30bccb9f4,dev_56c30bccb9f4,addr_56c30bccb9f4,English,,marketplace,active,baseline
ACCT-000240,2025-04-18 02:34:16,individual,C08,eml_14892edfc3cf,ardentmail.test,phn_14892edfc3cf,pay_14892edfc3cf,dev_14892edfc3cf,addr_14892edfc3cf,Portuguese,,partner_portal,active,baseline
ACCT-000127,2025-12-20 12:32:46,individual,C01,eml_8a610abbce61,northmail.test,phn_8a610abbce61,pay_8a610abbce61,dev_8a610abbce61,addr_8a610abbce61,French,,organic_web,active,baseline
ACCT-000173,2025-02-04 06:29:09,individual,C05,eml_fed8b57235ef,vespera-mail.test,phn_fed8b57235ef,pay_fed8b57235ef,dev_fed8b57235ef,addr_fed8b57235ef,French,,marketplace,under_review,baseline
ACCT-000018,2025-07-03 22:25:59,individual,C01,eml_48e295ce6f12,lydora-inbox.test,phn_48e295ce6f12,pay_48e295ce6f12,dev_48e295ce6f12,addr_9a6f846daeb6,Spanish,,organic_web,limited,shared_shipping_gamma
ACCT-000050,2026-01-28 09:44:49,individual,C06,eml_cfed846c74c5,ardentmail.test,phn_cfed846c74c5,pay_e4dcd8395e79,dev_cfed846c74c5,addr_cfed846c74c5,English,,partner_portal,active,chargeback_cluster
ACCT-000095,2025-04-02 13:43:39,business,C08,eml_09cd94e0570b,greenpost.test,phn_09cd94e0570b,pay_09cd94e0570b,dev_09cd94e0570b,addr_09cd94e0570b,Spanish,RSL-023,support_assisted,active,baseline
ACCT-000121,2025-07-01 22:45:22,individual,C04,eml_64326a459d3e,ardentmail.test,phn_64326a459d3e,pay_64326a459d3e,dev_64326a459d3e,addr_64326a459d3e,Mandarin,,marketplace,active,baseline
ACCT-000317,2025-09-24 19:13:35,individual,C02,eml_e5e98d0d357b,northmail.test,phn_e5e98d0d357b,pay_e5e98d0d357b,dev_e5e98d0d357b,addr_e5e98d0d357b,Spanish,,partner_portal,active,baseline
ACCT-000283,2025-12-21 12:38:10,individual,C08,eml_285ee3dea1a6,ardentmail.test,phn_285ee3dea1a6,pay_285ee3dea1a6,dev_285ee3dea1a6,addr_285ee3dea1a6,French,,marketplace,closed,baseline
ACCT-000343,2026-01-13 07:21:15,business,C08,eml_8d0264cb1714,examplemail.test,phn_8d0264cb1714,pay_8d0264cb1714,dev_8d0264cb1714,addr_8d0264cb1714,English,,organic_web,active,baseline
ACCT-000353,2025-03-07 18:30:35,individual,C01,eml_c446e1e466b7,ardentmail.test,phn_c446e1e466b7,pay_c446e1e466b7,dev_c446e1e466b7,addr_c446e1e466b7,Spanish,,support_assisted,active,baseline
ACCT-000177,2025-02-10 20:42:07,business,C02,eml_1003046b91d3,ardentmail.test,phn_1003046b91d3,pay_1003046b91d3,dev_1003046b91d3,addr_1003046b91d3,Portuguese,,paid_search,active,baseline
ACCT-000272,2025-05-29 06:50:05,individual,C02,eml_92849e0928e9,lydora-inbox.test,phn_92849e0928e9,pay_92849e0928e9,dev_92849e0928e9,addr_92849e0928e9,French,,organic_web,active,baseline
ACCT-000263,2025-11-22 23:12:40,individual,C01,eml_3dbaf8dd32b1,examplemail.test,phn_3dbaf8dd32b1,pay_3dbaf8dd32b1,dev_3dbaf8dd32b1,addr_3dbaf8dd32b1,English,,partner_portal,active,baseline
ACCT-000327,2026-01-16 15:35:20,individual,C01,eml_00934d5d9241,northmail.test,phn_00934d5d9241,pay_00934d5d9241,dev_00934d5d9241,addr_00934d5d9241,English,,support_assisted,active,baseline
ACCT-000091,2026-03-04 14:32:38,individual,C07,eml_08240a4fa283,examplemail.test,phn_08240a4fa283,pay_08240a4fa283,dev_08240a4fa283,addr_08240a4fa283,English,,support_assisted,active,baseline
ACCT-000080,2025-02-17 02:46:27,individual,C04,eml_050e15d8e018,vespera-mail.test,phn_050e15d8e018,pay_050e15d8e018,dev_050e15d8e018,addr_050e15d8e018,English,,paid_search,active,baseline
ACCT-000171,2026-02-24 14:03:22,business,C03,eml_76b7391abccb,examplemail.test,phn_76b7391abccb,pay_76b7391abccb,dev_76b7391abccb,addr_76b7391abccb,French,,partner_portal,limited,baseline
ACCT-000338,2025-09-08 12:19:04,business,C05,eml_cc78a1f3b0bc,vespera-mail.test,phn_cc78a1f3b0bc,pay_cc78a1f3b0bc,dev_cc78a1f3b0bc,addr_cc78a1f3b0bc,English,,marketplace,active,baseline
ACCT-000211,2025-05-12 07:36:03,individual,C06,eml_13aeab616b9d,ardentmail.test,phn_13aeab616b9d,pay_13aeab616b9d,dev_13aeab616b9d,addr_13aeab616b9d,English,,support_assisted,active,baseline
ACCT-000058,2025-12-25 22:40:58,individual,C06,eml_13277ed62cb1,greenpost.test,phn_834454c5b5cc,pay_13277ed62cb1,dev_4a2d4598de0f,addr_13277ed62cb1,English,,paid_search,active,abuse_report_cluster
ACCT-000336,2025-08-16 15:06:22,individual,C02,eml_abec70ced63c,greenpost.test,phn_abec70ced63c,pay_abec70ced63c,dev_abec70ced63c,addr_abec70ced63c,Portuguese,,organic_web,active,baseline
ACCT-000205,2025-06-06 10:32:44,business,C08,eml_7269bfe2c806,examplemail.test,phn_7269bfe2c806,pay_7269bfe2c806,dev_7269bfe2c806,addr_7269bfe2c806,English,RSL-016,support_assisted,active,baseline
ACCT-000349,2025-03-21 21:22:51,individual,C03,eml_7c56c6174404,greenpost.test,phn_7c56c6174404,pay_7c56c6174404,dev_7c56c6174404,addr_7c56c6174404,Mandarin,,marketplace,active,baseline
ACCT-000182,2025-01-16 02:15:29,individual,C07,eml_00d8a5135a6a,northmail.test,phn_00d8a5135a6a,pay_00d8a5135a6a,dev_00d8a5135a6a,addr_00d8a5135a6a,Spanish,,organic_web,active,baseline
ACCT-000046,2025-06-24 19:36:19,business,C02,eml_5c737ac2cf9a,northmail.test,phn_5c737ac2cf9a,pay_e4dcd8395e79,dev_5c737ac2cf9a,addr_5c737ac2cf9a,Portuguese,RSL-002,partner_portal,active,chargeback_cluster
ACCT-000303,2025-11-24 09:54:59,individual,C08,eml_b0f65142c78b,examplemail.test,phn_b0f65142c78b,pay_b0f65142c78b,dev_b0f65142c78b,addr_b0f65142c78b,English,,partner_portal,closed,baseline
ACCT-000055,2025-11-22 19:07:22,individual,C04,eml_bd0ab6374495,vespera-mail.test,phn_834454c5b5cc,pay_bd0ab6374495,dev_4a2d4598de0f,addr_bd0ab6374495,Spanish,,paid_search,active,abuse_report_cluster
ACCT-000088,2025-07-29 16:02:58,individual,C05,eml_f831a5ab0339,northmail.test,phn_f831a5ab0339,pay_f831a5ab0339,dev_f831a5ab0339,addr_f831a5ab0339,Spanish,,organic_web,active,baseline
ACCT-000049,2025-12-28 05:34:39,business,C06,eml_378562d83e5c,ardentmail.test,phn_378562d83e5c,pay_e4dcd8395e79,dev_378562d83e5c,addr_378562d83e5c,English,,marketplace,active,chargeback_cluster
ACCT-000251,2025-08-18 11:53:58,individual,C03,eml_7a1c87d49236,northmail.test,phn_7a1c87d49236,pay_7a1c87d49236,dev_7a1c87d49236,addr_7a1c87d49236,English,,partner_portal,active,baseline
ACCT-000273,2026-03-11 09:43:40,individual,C01,eml_41625679b0c1,northmail.test,phn_41625679b0c1,pay_41625679b0c1,dev_41625679b0c1,addr_41625679b0c1,Mandarin,,paid_search,active,baseline
ACCT-000324,2025-09-28 13:47:07,individual,C05,eml_7570ccd27b6f,lydora-inbox.test,phn_7570ccd27b6f,pay_7570ccd27b6f,dev_7570ccd27b6f,addr_7570ccd27b6f,Spanish,,support_assisted,active,baseline
ACCT-000093,2025-02-10 10:06:47,individual,C08,eml_d21e20538e9e,ardentmail.test,phn_d21e20538e9e,pay_d21e20538e9e,dev_d21e20538e9e,addr_d21e20538e9e,English,,organic_web,active,baseline
ACCT-000219,2025-12-29 22:03:52,individual,C07,eml_91ecce10a847,greenpost.test,phn_91ecce10a847,pay_91ecce10a847,dev_91ecce10a847,addr_91ecce10a847,Spanish,,partner_portal,active,baseline
ACCT-000162,2025-02-02 04:43:07,individual,C08,eml_179c4febced1,ardentmail.test,phn_179c4febced1,pay_179c4febced1,dev_179c4febced1,addr_179c4febced1,French,,partner_portal,active,baseline
ACCT-000074,2025-06-01 02:36:50,individual,C03,eml_618b2ec0f8cb,greenpost.test,phn_618b2ec0f8cb,pay_618b2ec0f8cb,dev_618b2ec0f8cb,addr_618b2ec0f8cb,Arabic,,paid_search,active,support_script_cluster
ACCT-000209,2025-08-25 13:17:32,individual,C05,eml_e11231ea8807,greenpost.test,phn_e11231ea8807,pay_e11231ea8807,dev_e11231ea8807,addr_e11231ea8807,Portuguese,,support_assisted,active,baseline
ACCT-000260,2025-09-28 10:54:02,individual,C04,eml_ce3cf7ef9e6a,ardentmail.test,phn_ce3cf7ef9e6a,pay_ce3cf7ef9e6a,dev_ce3cf7ef9e6a,addr_ce3cf7ef9e6a,English,,support_assisted,active,baseline
ACCT-000194,2026-02-08 16:00:12,individual,C03,eml_8c58eb23308c,examplemail.test,phn_8c58eb23308c,pay_8c58eb23308c,dev_8c58eb23308c,addr_8c58eb23308c,French,,partner_portal,active,baseline
ACCT-000129,2025-07-01 07:24:36,individual,C05,eml_2e21e5567a90,northmail.test,phn_2e21e5567a90,pay_2e21e5567a90,dev_2e21e5567a90,addr_2e21e5567a90,Arabic,,support_assisted,active,baseline
ACCT-000175,2025-06-01 00:43:25,individual,C05,eml_a8b2b56bcb9e,ardentmail.test,phn_a8b2b56bcb9e,pay_a8b2b56bcb9e,dev_a8b2b56bcb9e,addr_a8b2b56bcb9e,Portuguese,,marketplace,active,baseline
ACCT-000181,2025-08-12 03:49:10,reseller,C01,eml_5b03b6639677,northmail.test,phn_5b03b6639677,pay_5b03b6639677,dev_5b03b6639677,addr_5b03b6639677,Arabic,,support_assisted,active,baseline
ACCT-000359,2025-11-09 18:59:40,individual,C02,eml_3a4865264986,ardentmail.test,phn_3a4865264986,pay_3a4865264986,dev_3a4865264986,addr_3a4865264986,Spanish,,paid_search,active,baseline
ACCT-000107,2025-02-06 01:20:01,individual,C03,eml_e3dbd0acc5a5,examplemail.test,phn_e3dbd0acc5a5,pay_e3dbd0acc5a5,dev_e3dbd0acc5a5,addr_e3dbd0acc5a5,English,,paid_search,active,baseline
ACCT-000109,2025-07-07 09:23:33,individual,C05,eml_e2d66e256b3e,ardentmail.test,phn_e2d66e256b3e,pay_e2d66e256b3e,dev_e2d66e256b3e,addr_e2d66e256b3e,English,,partner_portal,active,baseline
ACCT-000229,2025-06-27 01:42:47,business,C07,eml_9a56aebf4670,northmail.test,phn_9a56aebf4670,pay_9a56aebf4670,dev_9a56aebf4670,addr_9a56aebf4670,Spanish,,organic_web,active,baseline
ACCT-000355,2025-07-06 05:38:27,individual,C02,eml_42ec0b9f1dfe,examplemail.test,phn_42ec0b9f1dfe,pay_42ec0b9f1dfe,dev_42ec0b9f1dfe,addr_42ec0b9f1dfe,English,,partner_portal,active,baseline
ACCT-000289,2025-01-08 16:09:50,business,C02,eml_43e108b7bcd0,vespera-mail.test,phn_43e108b7bcd0,pay_43e108b7bcd0,dev_43e108b7bcd0,addr_43e108b7bcd0,Arabic,RSL-014,support_assisted,active,baseline
ACCT-000213,2025-11-20 21:44:25,individual,C05,eml_e6422d6b8ffa,examplemail.test,phn_e6422d6b8ffa,pay_e6422d6b8ffa,dev_e6422d6b8ffa,addr_e6422d6b8ffa,Spanish,,marketplace,active,baseline
ACCT-000137,2026-03-05 13:38:00,business,C07,eml_d41b6b3f8c2c,northmail.test,phn_d41b6b3f8c2c,pay_d41b6b3f8c2c,dev_d41b6b3f8c2c,addr_d41b6b3f8c2c,English,RSL-015,partner_portal,active,baseline
ACCT-000083,2025-07-01 15:20:06,reseller,C04,eml_8d1c682d7e00,vespera-mail.test,phn_8d1c682d7e00,pay_8d1c682d7e00,dev_8d1c682d7e00,addr_8d1c682d7e00,Spanish,,partner_portal,active,baseline
ACCT-000148,2025-12-10 16:18:03,individual,C07,eml_4997c0788582,northmail.test,phn_4997c0788582,pay_4997c0788582,dev_4997c0788582,addr_4997c0788582,Arabic,,organic_web,active,baseline
ACCT-000026,2026-01-29 06:22:27,individual,C03,eml_7cd9584fce84,greenpost.test,phn_7cd9584fce84,pay_5a7b53240a6c,dev_7cd9584fce84,addr_7cd9584fce84,Mandarin,,paid_search,limited,bulk_order_burst
ACCT-000017,2025-02-28 21:16:34,individual,C01,eml_7c1da19c3a53,ardentmail.test,phn_7c1da19c3a53,pay_7c1da19c3a53,dev_7c1da19c3a53,addr_9a6f846daeb6,English,,support_assisted,active,shared_shipping_gamma
ACCT-000348,2025-09-25 04:41:10,business,C04,eml_dbb34f155182,lydora-inbox.test,phn_dbb34f155182,pay_dbb34f155182,dev_dbb34f155182,addr_dbb34f155182,French,,paid_search,active,baseline
ACCT-000188,2025-02-22 19:24:05,individual,C06,eml_13aecda645da,vespera-mail.test,phn_13aecda645da,pay_13aecda645da,dev_13aecda645da,addr_13aecda645da,French,,organic_web,active,baseline
ACCT-000276,2025-10-07 16:15:41,individual,C08,eml_ee44e20c9f07,lydora-inbox.test,phn_ee44e20c9f07,pay_ee44e20c9f07,dev_ee44e20c9f07,addr_ee44e20c9f07,Spanish,,marketplace,active,baseline
ACCT-000288,2025-03-04 22:48:29,business,C08,eml_6ef61e8ab6a3,examplemail.test,phn_6ef61e8ab6a3,pay_6ef61e8ab6a3,dev_6ef61e8ab6a3,addr_6ef61e8ab6a3,English,,organic_web,active,baseline
ACCT-000221,2025-01-07 16:26:16,business,C06,eml_28c260b3350b,greenpost.test,phn_28c260b3350b,pay_28c260b3350b,dev_28c260b3350b,addr_28c260b3350b,French,,organic_web,active,baseline
ACCT-000266,2025-09-07 09:37:51,individual,C07,eml_860a40704d7c,northmail.test,phn_860a40704d7c,pay_860a40704d7c,dev_860a40704d7c,addr_860a40704d7c,Portuguese,,paid_search,active,baseline
ACCT-000051,2025-07-12 08:52:57,business,C02,eml_39c511d39258,lydora-inbox.test,phn_39c511d39258,pay_e4dcd8395e79,dev_39c511d39258,addr_39c511d39258,Spanish,RSL-017,marketplace,active,chargeback_cluster
ACCT-000201,2025-05-25 20:11:13,individual,C05,eml_28ccfc1041a5,lydora-inbox.test,phn_28ccfc1041a5,pay_28ccfc1041a5,dev_28ccfc1041a5,addr_28ccfc1041a5,Mandarin,,marketplace,active,baseline
ACCT-000057,2026-02-20 04:47:10,individual,C06,eml_da776bb5dad2,lydora-inbox.test,phn_834454c5b5cc,pay_da776bb5dad2,dev_4a2d4598de0f,addr_da776bb5dad2,Spanish,,organic_web,active,abuse_report_cluster
ACCT-000204,2025-05-03 16:06:38,business,C04,eml_683191aeae7a,vespera-mail.test,phn_683191aeae7a,pay_683191aeae7a,dev_683191aeae7a,addr_683191aeae7a,English,,organic_web,active,baseline
ACCT-000315,2025-11-01 03:16:09,individual,C06,eml_c5cbda805ba0,vespera-mail.test,phn_c5cbda805ba0,pay_c5cbda805ba0,dev_c5cbda805ba0,addr_c5cbda805ba0,Spanish,,support_assisted,active,baseline
ACCT-000032,2025-04-27 02:34:23,individual,C03,eml_c86dadc08bbb,greenpost.test,phn_c86dadc08bbb,pay_c86dadc08bbb,dev_86e1a0a4a6a7,addr_c86dadc08bbb,Spanish,,organic_web,active,rapid_transfer_cluster
ACCT-000275,2026-03-06 03:30:14,individual,C06,eml_a939248b244e,greenpost.test,phn_a939248b244e,pay_a939248b244e,dev_a939248b244e,addr_a939248b244e,English,,paid_search,active,baseline
ACCT-000326,2025-11-22 04:32:31,individual,C03,eml_885cc03bfb9b,ardentmail.test,phn_885cc03bfb9b,pay_885cc03bfb9b,dev_885cc03bfb9b,addr_885cc03bfb9b,English,,partner_portal,active,baseline
ACCT-000202,2025-06-16 23:52:57,reseller,C08,eml_79597939ed8e,northmail.test,phn_79597939ed8e,pay_79597939ed8e,dev_79597939ed8e,addr_79597939ed8e,English,RSL-016,organic_web,active,baseline
ACCT-000212,2026-03-15 02:36:06,individual,C05,eml_56b17aade05e,examplemail.test,phn_56b17aade05e,pay_56b17aade05e,dev_56b17aade05e,addr_56b17aade05e,English,,marketplace,closed,baseline
ACCT-000158,2026-03-15 04:47:27,business,C06,eml_aade0b8e935c,ardentmail.test,phn_aade0b8e935c,pay_aade0b8e935c,dev_aade0b8e935c,addr_aade0b8e935c,French,,support_assisted,under_review,baseline
ACCT-000141,2025-11-25 20:06:51,business,C04,eml_565052f47be6,greenpost.test,phn_565052f47be6,pay_565052f47be6,dev_565052f47be6,addr_565052f47be6,Spanish,,organic_web,active,baseline
ACCT-000143,2025-06-25 23:54:39,business,C01,eml_7b38d1ee76b9,ardentmail.test,phn_7b38d1ee76b9,pay_7b38d1ee76b9,dev_7b38d1ee76b9,addr_7b38d1ee76b9,Spanish,,marketplace,active,baseline
ACCT-000329,2026-01-18 06:26:05,individual,C01,eml_41264c2cbb87,lydora-inbox.test,phn_41264c2cbb87,pay_41264c2cbb87,dev_41264c2cbb87,addr_41264c2cbb87,Spanish,,marketplace,active,baseline
ACCT-000104,2026-02-19 19:26:27,individual,C08,eml_db4a85794c95,greenpost.test,phn_db4a85794c95,pay_db4a85794c95,dev_db4a85794c95,addr_db4a85794c95,Spanish,,support_assisted,limited,baseline
ACCT-000008,2026-01-13 19:31:07,business,C04,eml_ec2cfb679598,ardentmail.test,phn_ccbde3680aa9,pay_60b92a1ac155,dev_ec2cfb679598,addr_ec2cfb679598,Arabic,,support_assisted,active,shared_payment_alpha
ACCT-000270,2025-04-23 10:54:41,business,C03,eml_fa41c3fe3bcd,ardentmail.test,phn_fa41c3fe3bcd,pay_fa41c3fe3bcd,dev_fa41c3fe3bcd,addr_fa41c3fe3bcd,English,,paid_search,active,baseline
ACCT-000198,2025-04-22 05:36:07,business,C06,eml_944228485b5a,lydora-inbox.test,phn_944228485b5a,pay_944228485b5a,dev_944228485b5a,addr_944228485b5a,English,,paid_search,active,baseline
ACCT-000323,2026-01-16 12:38:33,individual,C07,eml_2a202cd10c75,vespera-mail.test,phn_2a202cd10c75,pay_2a202cd10c75,dev_2a202cd10c75,addr_2a202cd10c75,English,,partner_portal,active,baseline
ACCT-000013,2026-01-13 08:46:55,individual,C06,eml_6b2842d033f8,northmail.test,phn_6b2842d033f8,pay_6b2842d033f8,dev_e545545833e3,addr_6b2842d033f8,French,,paid_search,limited,shared_device_beta
ACCT-000132,2025-02-19 16:48:27,individual,C04,eml_8a588646fe79,greenpost.test,phn_8a588646fe79,pay_8a588646fe79,dev_8a588646fe79,addr_8a588646fe79,Spanish,,support_assisted,active,baseline
ACCT-000102,2025-12-09 07:54:09,individual,C03,eml_03604590dacc,lydora-inbox.test,phn_03604590dacc,pay_03604590dacc,dev_03604590dacc,addr_03604590dacc,English,,organic_web,active,baseline
ACCT-000174,2025-12-16 00:37:25,individual,C08,eml_9d84371b4e56,northmail.test,phn_9d84371b4e56,pay_9d84371b4e56,dev_9d84371b4e56,addr_9d84371b4e56,English,,support_assisted,active,baseline
ACCT-000064,2025-11-30 01:32:41,reseller,C05,eml_45371c452c6c,relaydrop.test,phn_45371c452c6c,pay_45371c452c6c,dev_45371c452c6c,addr_45371c452c6c,English,RSL-004,support_assisted,active,watchlisted_reseller_cluster
ACCT-000167,2025-11-01 18:37:35,individual,C07,eml_fa4bdf8bfc5b,vespera-mail.test,phn_fa4bdf8bfc5b,pay_fa4bdf8bfc5b,dev_fa4bdf8bfc5b,addr_fa4bdf8bfc5b,Portuguese,,marketplace,active,baseline
ACCT-000038,2026-02-01 00:00:36,individual,C03,eml_bfde9bbaff4a,ardentmail.test,phn_bfde9bbaff4a,pay_bfde9bbaff4a,dev_bfde9bbaff4a,addr_4272d7b750b1,English,,organic_web,under_review,diversion_path_cluster
ACCT-000193,2025-12-06 17:21:50,business,C08,eml_0b1b87b44408,lydora-inbox.test,phn_0b1b87b44408,pay_0b1b87b44408,dev_0b1b87b44408,addr_0b1b87b44408,English,,paid_search,active,baseline
ACCT-000056,2026-01-13 13:01:22,individual,C06,eml_6159e52b0f1e,greenpost.test,phn_834454c5b5cc,pay_6159e52b0f1e,dev_4a2d4598de0f,addr_6159e52b0f1e,French,,support_assisted,under_review,abuse_report_cluster
ACCT-000011,2025-09-20 22:22:18,individual,C02,eml_25006e6eebc6,ardentmail.test,phn_25006e6eebc6,pay_25006e6eebc6,dev_e545545833e3,addr_25006e6eebc6,English,,marketplace,active,shared_device_beta
ACCT-000155,2025-08-30 07:56:13,business,C04,eml_70b590ba6ce0,examplemail.test,phn_70b590ba6ce0,pay_70b590ba6ce0,dev_70b590ba6ce0,addr_70b590ba6ce0,Spanish,RSL-006,support_assisted,active,baseline
ACCT-000257,2025-01-03 16:12:44,business,C01,eml_a7731cf58398,examplemail.test,phn_a7731cf58398,pay_a7731cf58398,dev_a7731cf58398,addr_a7731cf58398,English,,support_assisted,active,baseline
ACCT-000041,2025-02-24 16:24:22,reseller,C03,eml_3a8792e89d9c,ardentmail.test,phn_3a8792e89d9c,pay_3a8792e89d9c,dev_3a8792e89d9c,addr_4272d7b750b1,English,,partner_portal,under_review,diversion_path_cluster
ACCT-000360,2026-02-02 11:24:37,reseller,C02,eml_5f8615442188,northmail.test,phn_5f8615442188,pay_5f8615442188,dev_5f8615442188,addr_5f8615442188,Spanish,,paid_search,active,baseline
ACCT-000176,2026-01-26 22:51:36,individual,C03,eml_3ef209e84abd,northmail.test,phn_3ef209e84abd,pay_3ef209e84abd,dev_3ef209e84abd,addr_3ef209e84abd,Arabic,,support_assisted,active,baseline
ACCT-000068,2025-08-03 22:01:10,individual,C05,eml_d7eeab41615c,ardentmail.test,phn_d7eeab41615c,pay_d7eeab41615c,dev_d7eeab41615c,addr_d7eeab41615c,Arabic,,partner_portal,active,support_script_cluster
ACCT-000119,2025-11-06 00:17:13,reseller,C05,eml_90ede04301fd,greenpost.test,phn_90ede04301fd,pay_90ede04301fd,dev_90ede04301fd,addr_90ede04301fd,English,,partner_portal,active,baseline
ACCT-000235,2026-01-16 03:40:41,individual,C05,eml_64b6937f9cc8,greenpost.test,phn_64b6937f9cc8,pay_64b6937f9cc8,dev_64b6937f9cc8,addr_64b6937f9cc8,Spanish,,paid_search,closed,baseline
ACCT-000241,2025-06-05 06:07:43,business,C04,eml_7ed39a9d78f8,vespera-mail.test,phn_7ed39a9d78f8,pay_7ed39a9d78f8,dev_7ed39a9d78f8,addr_7ed39a9d78f8,English,RSL-010,partner_portal,active,baseline
ACCT-000054,2025-01-16 12:06:07,business,C06,eml_6918d7dc6512,lydora-inbox.test,phn_834454c5b5cc,pay_6918d7dc6512,dev_4a2d4598de0f,addr_6918d7dc6512,Spanish,,support_assisted,active,abuse_report_cluster
ACCT-000280,2026-01-17 09:21:52,individual,C08,eml_8d3d4432933a,vespera-mail.test,phn_8d3d4432933a,pay_8d3d4432933a,dev_8d3d4432933a,addr_8d3d4432933a,Arabic,,organic_web,active,baseline
ACCT-000332,2025-02-02 15:40:34,business,C04,eml_2a30f31c29f9,northmail.test,phn_2a30f31c29f9,pay_2a30f31c29f9,dev_2a30f31c29f9,addr_2a30f31c29f9,Portuguese,,paid_search,active,baseline
ACCT-000031,2025-04-12 22:39:18,business,C01,eml_392f81762383,lydora-inbox.test,phn_392f81762383,pay_392f81762383,dev_86e1a0a4a6a7,addr_392f81762383,Spanish,RSL-024,organic_web,active,rapid_transfer_cluster
ACCT-000254,2026-03-02 16:55:18,reseller,C08,eml_262b4fe8703c,northmail.test,phn_262b4fe8703c,pay_262b4fe8703c,dev_262b4fe8703c,addr_262b4fe8703c,English,RSL-018,organic_web,active,baseline
ACCT-000297,2025-02-27 10:15:50,individual,C03,eml_65cd0601f80b,northmail.test,phn_65cd0601f80b,pay_65cd0601f80b,dev_65cd0601f80b,addr_65cd0601f80b,English,,marketplace,active,baseline
ACCT-000120,2025-12-20 13:49:33,individual,C06,eml_81e8e1bf576f,vespera-mail.test,phn_81e8e1bf576f,pay_81e8e1bf576f,dev_81e8e1bf576f,addr_81e8e1bf576f,French,,organic_web,active,baseline
ACCT-000293,2025-10-30 14:24:17,business,C02,eml_6d604b03ebd7,lydora-inbox.test,phn_6d604b03ebd7,pay_6d604b03ebd7,dev_6d604b03ebd7,addr_6d604b03ebd7,Arabic,,partner_portal,active,baseline
ACCT-000043,2025-05-16 12:06:17,individual,C02,eml_3610ff4b55c8,greenpost.test,phn_3610ff4b55c8,pay_3610ff4b55c8,dev_3610ff4b55c8,addr_4272d7b750b1,English,,partner_portal,active,diversion_path_cluster
ACCT-000184,2026-01-24 13:29:31,individual,C03,eml_88cdd94b075b,examplemail.test,phn_88cdd94b075b,pay_88cdd94b075b,dev_88cdd94b075b,addr_88cdd94b075b,French,,paid_search,active,baseline
ACCT-000285,2025-08-12 00:15:42,individual,C03,eml_836d834cf1c2,vespera-mail.test,phn_836d834cf1c2,pay_836d834cf1c2,dev_836d834cf1c2,addr_836d834cf1c2,French,,organic_web,active,baseline
ACCT-000028,2026-03-08 02:32:09,individual,C03,eml_c74bc854314c,vespera-mail.test,phn_c74bc854314c,pay_5a7b53240a6c,dev_c74bc854314c,addr_c74bc854314c,English,,organic_web,limited,bulk_order_burst
ACCT-000278,2026-03-07 02:28:30,reseller,C04,eml_eca75cbe8ce2,lydora-inbox.test,phn_eca75cbe8ce2,pay_eca75cbe8ce2,dev_eca75cbe8ce2,addr_eca75cbe8ce2,English,,paid_search,active,baseline
ACCT-000210,2025-07-14 23:37:17,individual,C02,eml_86fc249d394f,ardentmail.test,phn_86fc249d394f,pay_86fc249d394f,dev_86fc249d394f,addr_86fc249d394f,English,,partner_portal,active,baseline
ACCT-000052,2025-07-02 11:16:37,individual,C06,eml_045fba08b0a8,greenpost.test,phn_834454c5b5cc,pay_045fba08b0a8,dev_4a2d4598de0f,addr_045fba08b0a8,Mandarin,,marketplace,active,abuse_report_cluster
ACCT-000207,2025-11-15 08:23:38,business,C06,eml_5f712a00a490,vespera-mail.test,phn_5f712a00a490,pay_5f712a00a490,dev_5f712a00a490,addr_5f712a00a490,English,RSL-011,organic_web,active,baseline
ACCT-000222,2025-02-10 01:38:54,individual,C07,eml_8a856efd3e08,northmail.test,phn_8a856efd3e08,pay_8a856efd3e08,dev_8a856efd3e08,addr_8a856efd3e08,English,,partner_portal,active,baseline
ACCT-000070,2025-07-09 07:32:13,individual,C04,eml_851334feaf46,ardentmail.test,phn_851334feaf46,pay_851334feaf46,dev_851334feaf46,addr_851334feaf46,Arabic,,partner_portal,active,support_script_cluster
ACCT-000116,2025-04-13 09:41:37,individual,C04,eml_13679fd50436,greenpost.test,phn_13679fd50436,pay_13679fd50436,dev_13679fd50436,addr_13679fd50436,English,,organic_web,active,baseline
ACCT-000082,2026-01-01 07:48:12,individual,C08,eml_a512ba1b3b74,northmail.test,phn_a512ba1b3b74,pay_a512ba1b3b74,dev_a512ba1b3b74,addr_a512ba1b3b74,English,,organic_web,active,baseline
ACCT-000341,2025-03-14 16:17:10,business,C07,eml_fa863eb3d3b0,vespera-mail.test,phn_fa863eb3d3b0,pay_fa863eb3d3b0,dev_fa863eb3d3b0,addr_fa863eb3d3b0,French,,paid_search,active,baseline
ACCT-000237,2025-08-12 17:49:05,reseller,C04,eml_450d3705ca17,vespera-mail.test,phn_450d3705ca17,pay_450d3705ca17,dev_450d3705ca17,addr_450d3705ca17,English,RSL-015,support_assisted,active,baseline
ACCT-000318,2025-12-18 18:13:37,individual,C01,eml_6f165713de97,greenpost.test,phn_6f165713de97,pay_6f165713de97,dev_6f165713de97,addr_6f165713de97,English,,support_assisted,active,baseline
ACCT-000208,2026-03-05 13:02:27,business,C02,eml_1708e6ccd695,lydora-inbox.test,phn_1708e6ccd695,pay_1708e6ccd695,dev_1708e6ccd695,addr_1708e6ccd695,Spanish,RSL-005,partner_portal,limited,baseline
ACCT-000311,2026-01-08 13:34:56,individual,C07,eml_fca2ac2d30b9,ardentmail.test,phn_fca2ac2d30b9,pay_fca2ac2d30b9,dev_fca2ac2d30b9,addr_fca2ac2d30b9,Spanish,,partner_portal,closed,baseline
ACCT-000067,2025-10-22 16:52:21,reseller,C03,eml_e96a32c77533,relaydrop.test,phn_e96a32c77533,pay_e96a32c77533,dev_e96a32c77533,addr_e96a32c77533,Mandarin,RSL-004,paid_search,active,watchlisted_reseller_cluster
ACCT-000075,2025-02-12 16:26:19,individual,C06,eml_8229e3b99ebd,vespera-mail.test,phn_8229e3b99ebd,pay_8229e3b99ebd,dev_8229e3b99ebd,addr_8229e3b99ebd,Arabic,,organic_web,active,support_script_cluster
ACCT-000231,2025-11-18 02:08:03,business,C01,eml_1ea66a802a0c,ardentmail.test,phn_1ea66a802a0c,pay_1ea66a802a0c,dev_1ea66a802a0c,addr_1ea66a802a0c,Mandarin,,marketplace,limited,baseline
ACCT-000034,2025-10-03 01:02:51,business,C04,eml_a24dcdaeba0a,lydora-inbox.test,phn_a24dcdaeba0a,pay_a24dcdaeba0a,dev_86e1a0a4a6a7,addr_a24dcdaeba0a,Portuguese,,support_assisted,active,rapid_transfer_cluster
ACCT-000170,2026-01-14 00:44:49,individual,C02,eml_69b4500de6a7,northmail.test,phn_69b4500de6a7,pay_69b4500de6a7,dev_69b4500de6a7,addr_69b4500de6a7,English,,partner_portal,active,baseline
ACCT-000112,2025-03-25 04:09:39,individual,C05,eml_f073e1e02cba,ardentmail.test,phn_f073e1e02cba,pay_f073e1e02cba,dev_f073e1e02cba,addr_f073e1e02cba,English,,organic_web,active,baseline
ACCT-000228,2025-03-27 11:10:39,reseller,C08,eml_6087d30cb6e7,vespera-mail.test,phn_6087d30cb6e7,pay_6087d30cb6e7,dev_6087d30cb6e7,addr_6087d30cb6e7,Mandarin,,paid_search,active,baseline
ACCT-000146,2026-02-17 08:54:50,individual,C05,eml_e9ee8c67f5da,lydora-inbox.test,phn_e9ee8c67f5da,pay_e9ee8c67f5da,dev_e9ee8c67f5da,addr_e9ee8c67f5da,Spanish,,marketplace,active,baseline
ACCT-000152,2025-02-03 04:34:16,individual,C07,eml_753be371c280,lydora-inbox.test,phn_753be371c280,pay_753be371c280,dev_753be371c280,addr_753be371c280,Mandarin,,partner_portal,limited,baseline
ACCT-000020,2025-08-19 19:02:05,individual,C03,eml_9bcf3cf73595,examplemail.test,phn_9bcf3cf73595,pay_9bcf3cf73595,dev_9bcf3cf73595,addr_9a6f846daeb6,Spanish,,organic_web,active,shared_shipping_gamma
ACCT-000259,2025-10-25 09:56:12,individual,C03,eml_68fb291d4968,lydora-inbox.test,phn_68fb291d4968,pay_68fb291d4968,dev_68fb291d4968,addr_68fb291d4968,English,,marketplace,active,baseline
ACCT-000287,2025-11-05 14:41:08,individual,C04,eml_521804746d84,lydora-inbox.test,phn_521804746d84,pay_521804746d84,dev_521804746d84,addr_521804746d84,Spanish,,paid_search,active,baseline
ACCT-000035,2025-05-18 20:29:43,business,C04,eml_3966fa3f02e0,greenpost.test,phn_3966fa3f02e0,pay_3966fa3f02e0,dev_86e1a0a4a6a7,addr_3966fa3f02e0,Arabic,RSL-024,paid_search,active,rapid_transfer_cluster
ACCT-000130,2025-04-23 17:10:45,reseller,C03,eml_96d70cf07420,northmail.test,phn_96d70cf07420,pay_96d70cf07420,dev_96d70cf07420,addr_96d70cf07420,English,,organic_web,limited,baseline
ACCT-000025,2025-02-26 16:18:06,individual,C01,eml_e661e1f3ab60,ardentmail.test,phn_e661e1f3ab60,pay_5a7b53240a6c,dev_e661e1f3ab60,addr_e661e1f3ab60,Portuguese,,partner_portal,under_review,bulk_order_burst
ACCT-000149,2026-01-14 07:29:31,individual,C01,eml_ce3ee3e45550,greenpost.test,phn_ce3ee3e45550,pay_ce3ee3e45550,dev_ce3ee3e45550,addr_ce3ee3e45550,English,,organic_web,active,baseline
ACCT-000022,2025-02-23 13:19:48,individual,C02,eml_cf2b3b402326,vespera-mail.test,phn_cf2b3b402326,pay_cf2b3b402326,dev_cf2b3b402326,addr_9a6f846daeb6,Mandarin,,partner_portal,active,shared_shipping_gamma
ACCT-000192,2025-05-29 18:25:34,individual,C02,eml_c7358770dcc3,examplemail.test,phn_c7358770dcc3,pay_c7358770dcc3,dev_c7358770dcc3,addr_c7358770dcc3,Mandarin,,marketplace,active,baseline
ACCT-000118,2026-01-10 14:17:40,reseller,C04,eml_18cf0e19dc0a,examplemail.test,phn_18cf0e19dc0a,pay_18cf0e19dc0a,dev_18cf0e19dc0a,addr_18cf0e19dc0a,Spanish,RSL-011,support_assisted,active,baseline
ACCT-000096,2025-07-09 15:28:24,individual,C03,eml_c516c3045bca,northmail.test,phn_c516c3045bca,pay_c516c3045bca,dev_c516c3045bca,addr_c516c3045bca,English,,support_assisted,closed,baseline
ACCT-000180,2025-01-23 05:27:14,individual,C03,eml_2186241dc439,examplemail.test,phn_2186241dc439,pay_2186241dc439,dev_2186241dc439,addr_2186241dc439,Arabic,,organic_web,active,baseline
ACCT-000106,2025-12-04 09:48:52,reseller,C05,eml_99e3a3647845,vespera-mail.test,phn_99e3a3647845,pay_99e3a3647845,dev_99e3a3647845,addr_99e3a3647845,Mandarin,,support_assisted,active,baseline
ACCT-000134,2026-01-08 08:52:11,business,C02,eml_5cb37d7114e1,examplemail.test,phn_5cb37d7114e1,pay_5cb37d7114e1,dev_5cb37d7114e1,addr_5cb37d7114e1,Spanish,,support_assisted,limited,baseline
ACCT-000217,2025-12-16 13:04:37,individual,C07,eml_9f21e4dca681,examplemail.test,phn_9f21e4dca681,pay_9f21e4dca681,dev_9f21e4dca681,addr_9f21e4dca681,English,,paid_search,closed,baseline
ACCT-000252,2025-10-18 12:52:18,individual,C04,eml_27bf27551371,ardentmail.test,phn_27bf27551371,pay_27bf27551371,dev_27bf27551371,addr_27bf27551371,Mandarin,,marketplace,active,baseline
ACCT-000012,2025-02-16 01:29:11,individual,C04,eml_288b46a8e163,examplemail.test,phn_288b46a8e163,pay_288b46a8e163,dev_e545545833e3,addr_288b46a8e163,Mandarin,,paid_search,active,shared_device_beta
ACCT-000277,2025-09-07 01:34:51,reseller,C03,eml_e2801e9f9af5,lydora-inbox.test,phn_e2801e9f9af5,pay_e2801e9f9af5,dev_e2801e9f9af5,addr_e2801e9f9af5,English,,organic_web,limited,baseline
ACCT-000072,2025-05-30 22:01:53,individual,C03,eml_5e8ae30e1396,vespera-mail.test,phn_5e8ae30e1396,pay_5e8ae30e1396,dev_5e8ae30e1396,addr_5e8ae30e1396,Arabic,,organic_web,active,support_script_cluster
ACCT-000183,2025-08-13 02:36:09,individual,C08,eml_21425d506ce5,examplemail.test,phn_21425d506ce5,pay_21425d506ce5,dev_21425d506ce5,addr_21425d506ce5,English,,organic_web,active,baseline
ACCT-000037,2025-06-27 02:41:14,individual,C03,eml_53974cb2ed11,vespera-mail.test,phn_53974cb2ed11,pay_53974cb2ed11,dev_53974cb2ed11,addr_4272d7b750b1,English,,paid_search,under_review,diversion_path_cluster
ACCT-000330,2025-06-21 14:58:04,individual,C08,eml_e2966cf2778d,greenpost.test,phn_e2966cf2778d,pay_e2966cf2778d,dev_e2966cf2778d,addr_e2966cf2778d,English,,partner_portal,active,baseline
ACCT-000282,2025-11-17 15:32:53,individual,C01,eml_b49a4f41eb32,vespera-mail.test,phn_b49a4f41eb32,pay_b49a4f41eb32,dev_b49a4f41eb32,addr_b49a4f41eb32,English,,paid_search,active,baseline
ACCT-000108,2025-11-17 09:12:04,individual,C07,eml_e19af19c85a5,northmail.test,phn_e19af19c85a5,pay_e19af19c85a5,dev_e19af19c85a5,addr_e19af19c85a5,English,,marketplace,active,baseline
ACCT-000331,2026-01-21 01:18:35,individual,C06,eml_2b6c3d9cb70e,examplemail.test,phn_2b6c3d9cb70e,pay_2b6c3d9cb70e,dev_2b6c3d9cb70e,addr_2b6c3d9cb70e,Spanish,,partner_portal,active,baseline
ACCT-000136,2026-02-17 10:17:46,individual,C02,eml_b97359f10668,ardentmail.test,phn_b97359f10668,pay_b97359f10668,dev_b97359f10668,addr_b97359f10668,Spanish,,support_assisted,active,baseline
ACCT-000309,2025-12-25 21:15:42,reseller,C07,eml_91b5ad4b6c27,vespera-mail.test,phn_91b5ad4b6c27,pay_91b5ad4b6c27,dev_91b5ad4b6c27,addr_91b5ad4b6c27,English,RSL-010,marketplace,active,baseline
ACCT-000281,2026-02-26 10:09:48,reseller,C01,eml_b8ea5df500e4,ardentmail.test,phn_b8ea5df500e4,pay_b8ea5df500e4,dev_b8ea5df500e4,addr_b8ea5df500e4,English,,marketplace,active,baseline
ACCT-000079,2025-10-23 18:45:37,individual,C07,eml_26f49ca7aeab,lydora-inbox.test,phn_26f49ca7aeab,pay_26f49ca7aeab,dev_26f49ca7aeab,addr_26f49ca7aeab,English,,paid_search,active,baseline
ACCT-000298,2025-09-04 07:18:36,individual,C06,eml_87a270369490,examplemail.test,phn_87a270369490,pay_87a270369490,dev_87a270369490,addr_87a270369490,English,,marketplace,active,baseline
ACCT-000305,2025-10-23 09:39:43,business,C03,eml_5df64dc50325,lydora-inbox.test,phn_5df64dc50325,pay_5df64dc50325,dev_5df64dc50325,addr_5df64dc50325,Arabic,RSL-011,paid_search,active,baseline
ACCT-000218,2025-05-05 09:01:02,business,C08,eml_264fba39a896,vespera-mail.test,phn_264fba39a896,pay_264fba39a896,dev_264fba39a896,addr_264fba39a896,English,,support_assisted,active,baseline
ACCT-000097,2025-08-03 21:37:29,business,C01,eml_5088c60fd1b2,greenpost.test,phn_5088c60fd1b2,pay_5088c60fd1b2,dev_5088c60fd1b2,addr_5088c60fd1b2,Portuguese,,paid_search,active,baseline
ACCT-000169,2025-11-26 04:52:00,individual,C04,eml_f07fe1ffa909,examplemail.test,phn_f07fe1ffa909,pay_f07fe1ffa909,dev_f07fe1ffa909,addr_f07fe1ffa909,English,,paid_search,active,baseline
ACCT-000195,2025-09-07 19:48:54,individual,C07,eml_8c164af09794,greenpost.test,phn_8c164af09794,pay_8c164af09794,dev_8c164af09794,addr_8c164af09794,French,,organic_web,active,baseline
ACCT-000001,2025-11-07 13:21:54,individual,C01,eml_cb0d1acc5dcc,northmail.test,phn_ccbde3680aa9,pay_60b92a1ac155,dev_cb0d1acc5dcc,addr_cb0d1acc5dcc,Spanish,,support_assisted,active,shared_payment_alpha
ACCT-000313,2025-10-04 01:50:38,individual,C07,eml_a8d358253c27,ardentmail.test,phn_a8d358253c27,pay_a8d358253c27,dev_a8d358253c27,addr_a8d358253c27,English,,support_assisted,under_review,baseline
ACCT-000244,2026-02-27 07:51:18,individual,C04,eml_752e2246adc0,northmail.test,phn_752e2246adc0,pay_752e2246adc0,dev_752e2246adc0,addr_752e2246adc0,Mandarin,,support_assisted,active,baseline
ACCT-000003,2026-03-07 00:52:41,business,C03,eml_c68783dbd820,examplemail.test,phn_ccbde3680aa9,pay_60b92a1ac155,dev_c68783dbd820,addr_c68783dbd820,French,RSL-024,marketplace,active,shared_payment_alpha
ACCT-000225,2025-02-05 12:30:56,individual,C08,eml_b3f1670541bf,vespera-mail.test,phn_b3f1670541bf,pay_b3f1670541bf,dev_b3f1670541bf,addr_b3f1670541bf,English,,organic_web,active,baseline
ACCT-000339,2025-10-19 17:43:08,individual,C07,eml_68ba47fc5a93,vespera-mail.test,phn_68ba47fc5a93,pay_68ba47fc5a93,dev_68ba47fc5a93,addr_68ba47fc5a93,Arabic,,partner_portal,active,baseline
ACCT-000292,2025-04-23 07:55:31,business,C04,eml_b3445dc82168,lydora-inbox.test,phn_b3445dc82168,pay_b3445dc82168,dev_b3445dc82168,addr_b3445dc82168,Mandarin,,partner_portal,active,baseline
ACCT-000163,2025-02-18 09:24:33,individual,C03,eml_e5f0d16d6b57,greenpost.test,phn_e5f0d16d6b57,pay_e5f0d16d6b57,dev_e5f0d16d6b57,addr_e5f0d16d6b57,Portuguese,,organic_web,active,baseline
ACCT-000089,2025-12-05 21:29:06,business,C06,eml_60fa7d1152db,examplemail.test,phn_60fa7d1152db,pay_60fa7d1152db,dev_60fa7d1152db,addr_60fa7d1152db,Spanish,,marketplace,active,baseline
ACCT-000286,2025-03-17 03:25:15,individual,C06,eml_2d81b4ba36da,northmail.test,phn_2d81b4ba36da,pay_2d81b4ba36da,dev_2d81b4ba36da,addr_2d81b4ba36da,English,,paid_search,active,baseline
ACCT-000307,2026-01-17 17:02:22,reseller,C07,eml_8c6eef05a1c4,greenpost.test,phn_8c6eef05a1c4,pay_8c6eef05a1c4,dev_8c6eef05a1c4,addr_8c6eef05a1c4,English,,paid_search,active,baseline
ACCT-000302,2025-05-13 01:15:17,business,C03,eml_f59d13591452,greenpost.test,phn_f59d13591452,pay_f59d13591452,dev_f59d13591452,addr_f59d13591452,English,RSL-009,partner_portal,active,baseline
ACCT-000105,2025-01-29 05:12:27,individual,C04,eml_ad975c5b11d5,northmail.test,phn_ad975c5b11d5,pay_ad975c5b11d5,dev_ad975c5b11d5,addr_ad975c5b11d5,French,,marketplace,closed,baseline
ACCT-000274,2025-05-28 22:17:54,reseller,C07,eml_0c2b45a2be1e,northmail.test,phn_0c2b45a2be1e,pay_0c2b45a2be1e,dev_0c2b45a2be1e,addr_0c2b45a2be1e,French,RSL-016,support_assisted,active,baseline
ACCT-000004,2025-09-22 13:19:49,individual,C03,eml_28dc6ace34b5,lydora-inbox.test,phn_ccbde3680aa9,pay_60b92a1ac155,dev_28dc6ace34b5,addr_28dc6ace34b5,English,,support_assisted,active,shared_payment_alpha
ACCT-000078,2026-03-14 12:05:25,reseller,C04,eml_658f8a5f5544,examplemail.test,phn_658f8a5f5544,pay_658f8a5f5544,dev_658f8a5f5544,addr_658f8a5f5544,Spanish,RSL-008,marketplace,active,baseline
ACCT-000301,2025-11-18 17:58:43,individual,C04,eml_fdfb5784657c,examplemail.test,phn_fdfb5784657c,pay_fdfb5784657c,dev_fdfb5784657c,addr_fdfb5784657c,French,,partner_portal,active,baseline
ACCT-000101,2025-04-29 11:26:55,individual,C06,eml_b26d483861d1,examplemail.test,phn_b26d483861d1,pay_b26d483861d1,dev_b26d483861d1,addr_b26d483861d1,English,,support_assisted,under_review,baseline
ACCT-000253,2025-03-05 22:10:23,individual,C02,eml_1a8c442bb752,ardentmail.test,phn_1a8c442bb752,pay_1a8c442bb752,dev_1a8c442bb752,addr_1a8c442bb752,French,,organic_web,active,baseline
ACCT-000267,2025-02-17 16:19:57,individual,C07,eml_07068bb2cf77,ardentmail.test,phn_07068bb2cf77,pay_07068bb2cf77,dev_07068bb2cf77,addr_07068bb2cf77,Mandarin,,partner_portal,limited,baseline
ACCT-000238,2025-07-30 22:16:48,reseller,C04,eml_3ba28a6bd41f,northmail.test,phn_3ba28a6bd41f,pay_3ba28a6bd41f,dev_3ba28a6bd41f,addr_3ba28a6bd41f,English,,paid_search,active,baseline
ACCT-000125,2025-10-16 03:10:44,individual,C02,eml_500986068dfa,lydora-inbox.test,phn_500986068dfa,pay_500986068dfa,dev_500986068dfa,addr_500986068dfa,Portuguese,,support_assisted,active,baseline
ACCT-000156,2025-09-29 16:49:37,individual,C03,eml_488fc075513d,vespera-mail.test,phn_488fc075513d,pay_488fc075513d,dev_488fc075513d,addr_488fc075513d,Arabic,,paid_search,active,baseline
ACCT-000150,2025-08-23 10:51:50,reseller,C08,eml_90d2599b7553,greenpost.test,phn_90d2599b7553,pay_90d2599b7553,dev_90d2599b7553,addr_90d2599b7553,English,,marketplace,active,baseline
ACCT-000103,2025-07-26 04:22:57,individual,C06,eml_4914c037be82,vespera-mail.test,phn_4914c037be82,pay_4914c037be82,dev_4914c037be82,addr_4914c037be82,English,,support_assisted,active,baseline
ACCT-000351,2025-06-15 19:38:29,business,C02,eml_513e167bd56d,ardentmail.test,phn_513e167bd56d,pay_513e167bd56d,dev_513e167bd56d,addr_513e167bd56d,French,RSL-014,support_assisted,active,baseline
ACCT-000005,2025-05-20 02:18:44,individual,C02,eml_fe7ef2baf72d,examplemail.test,phn_ccbde3680aa9,pay_60b92a1ac155,dev_fe7ef2baf72d,addr_fe7ef2baf72d,Mandarin,,organic_web,active,shared_payment_alpha
ACCT-000319,2025-03-27 06:40:05,business,C06,eml_fcc1dd9036f0,northmail.test,phn_fcc1dd9036f0,pay_fcc1dd9036f0,dev_fcc1dd9036f0,addr_fcc1dd9036f0,Spanish,RSL-024,partner_portal,active,baseline
ACCT-000356,2025-01-10 16:56:43,reseller,C07,eml_409d65da78d7,northmail.test,phn_409d65da78d7,pay_409d65da78d7,dev_409d65da78d7,addr_409d65da78d7,English,,paid_search,active,baseline
ACCT-000168,2025-09-13 11:14:48,business,C02,eml_e8f183f88bb2,vespera-mail.test,phn_e8f183f88bb2,pay_e8f183f88bb2,dev_e8f183f88bb2,addr_e8f183f88bb2,Portuguese,,marketplace,limited,baseline
ACCT-000160,2025-10-01 16:40:42,individual,C06,eml_2ee2af294a6a,greenpost.test,phn_2ee2af294a6a,pay_2ee2af294a6a,dev_2ee2af294a6a,addr_2ee2af294a6a,Spanish,,support_assisted,active,baseline
ACCT-000145,2025-05-22 05:38:40,business,C01,eml_ef7626af44cc,lydora-inbox.test,phn_ef7626af44cc,pay_ef7626af44cc,dev_ef7626af44cc,addr_ef7626af44cc,English,,organic_web,active,baseline
ACCT-000239,2026-02-17 19:19:51,individual,C08,eml_a8181871f7e1,northmail.test,phn_a8181871f7e1,pay_a8181871f7e1,dev_a8181871f7e1,addr_a8181871f7e1,English,,organic_web,active,baseline
ACCT-000036,2025-03-26 07:02:54,individual,C04,eml_ec27798b7438,examplemail.test,phn_ec27798b7438,pay_ec27798b7438,dev_ec27798b7438,addr_4272d7b750b1,Mandarin,,paid_search,under_review,diversion_path_cluster
ACCT-000206,2026-03-05 19:26:39,individual,C08,eml_d02729fee711,examplemail.test,phn_d02729fee711,pay_d02729fee711,dev_d02729fee711,addr_d02729fee711,English,,partner_portal,active,baseline
ACCT-000300,2025-03-11 22:36:58,individual,C07,eml_8a69c424cea3,examplemail.test,phn_8a69c424cea3,pay_8a69c424cea3,dev_8a69c424cea3,addr_8a69c424cea3,Spanish,,organic_web,active,baseline
ACCT-000347,2025-03-13 04:04:33,business,C08,eml_0c8d046de0f6,examplemail.test,phn_0c8d046de0f6,pay_0c8d046de0f6,dev_0c8d046de0f6,addr_0c8d046de0f6,English,RSL-016,organic_web,active,baseline
ACCT-000352,2025-04-20 02:02:02,business,C03,eml_0a7b6a00e218,lydora-inbox.test,phn_0a7b6a00e218,pay_0a7b6a00e218,dev_0a7b6a00e218,addr_0a7b6a00e218,English,,paid_search,active,baseline
ACCT-000295,2025-09-11 20:06:06,individual,C04,eml_9ace3607d332,greenpost.test,phn_9ace3607d332,pay_9ace3607d332,dev_9ace3607d332,addr_9ace3607d332,Arabic,,paid_search,active,baseline
ACCT-000027,2025-12-07 16:21:08,business,C01,eml_8d61bb5e8b32,ardentmail.test,phn_8d61bb5e8b32,pay_5a7b53240a6c,dev_8d61bb5e8b32,addr_8d61bb5e8b32,Portuguese,,marketplace,active,bulk_order_burst
ACCT-000258,2025-02-23 22:36:36,reseller,C07,eml_5d7fb0eca3a4,greenpost.test,phn_5d7fb0eca3a4,pay_5d7fb0eca3a4,dev_5d7fb0eca3a4,addr_5d7fb0eca3a4,English,,paid_search,active,baseline
ACCT-000345,2025-08-23 19:10:51,individual,C02,eml_5350ff7f0f07,greenpost.test,phn_5350ff7f0f07,pay_5350ff7f0f07,dev_5350ff7f0f07,addr_5350ff7f0f07,English,,paid_search,active,baseline
ACCT-000334,2025-07-04 08:59:40,individual,C07,eml_54abb37ed8e5,vespera-mail.test,phn_54abb37ed8e5,pay_54abb37ed8e5,dev_54abb37ed8e5,addr_54abb37ed8e5,Spanish,,organic_web,active,baseline
ACCT-000321,2025-06-03 14:23:38,individual,C04,eml_3991015ccda4,lydora-inbox.test,phn_3991015ccda4,pay_3991015ccda4,dev_3991015ccda4,addr_3991015ccda4,English,,paid_search,active,baseline
ACCT-000139,2026-01-04 16:59:39,individual,C06,eml_7efbe0754120,examplemail.test,phn_7efbe0754120,pay_7efbe0754120,dev_7efbe0754120,addr_7efbe0754120,English,,support_assisted,active,baseline
ACCT-000164,2025-12-07 08:24:20,reseller,C05,eml_d08eab28f69e,ardentmail.test,phn_d08eab28f69e,pay_d08eab28f69e,dev_d08eab28f69e,addr_d08eab28f69e,English,,paid_search,active,baseline
ACCT-000214,2025-08-23 23:26:32,individual,C01,eml_9d574ac1e2c3,vespera-mail.test,phn_9d574ac1e2c3,pay_9d574ac1e2c3,dev_9d574ac1e2c3,addr_9d574ac1e2c3,English,,organic_web,active,baseline
ACCT-000128,2025-09-17 09:03:40,individual,C04,eml_b646d39051bc,northmail.test,phn_b646d39051bc,pay_b646d39051bc,dev_b646d39051bc,addr_b646d39051bc,Arabic,,partner_portal,active,baseline
ACCT-000165,2025-09-21 03:37:14,business,C07,eml_25f8d91c75f1,vespera-mail.test,phn_25f8d91c75f1,pay_25f8d91c75f1,dev_25f8d91c75f1,addr_25f8d91c75f1,English,RSL-021,paid_search,active,baseline
ACCT-000115,2025-04-17 13:44:59,business,C01,eml_43745417e948,vespera-mail.test,phn_43745417e948,pay_43745417e948,dev_43745417e948,addr_43745417e948,English,,partner_portal,active,baseline
ACCT-000215,2025-11-20 03:45:03,individual,C06,eml_ed2ae025db1a,northmail.test,phn_ed2ae025db1a,pay_ed2ae025db1a,dev_ed2ae025db1a,addr_ed2ae025db1a,English,,marketplace,active,baseline
ACCT-000284,2025-01-13 13:15:41,individual,C05,eml_78d32079d251,ardentmail.test,phn_78d32079d251,pay_78d32079d251,dev_78d32079d251,addr_78d32079d251,English,,partner_portal,active,baseline
ACCT-000019,2025-01-03 00:10:44,reseller,C04,eml_67f449b4371c,greenpost.test,phn_67f449b4371c,pay_67f449b4371c,dev_67f449b4371c,addr_9a6f846daeb6,English,RSL-015,organic_web,under_review,shared_shipping_gamma
ACCT-000092,2025-01-02 05:27:26,business,C08,eml_895e63a440a7,lydora-inbox.test,phn_895e63a440a7,pay_895e63a440a7,dev_895e63a440a7,addr_895e63a440a7,English,,marketplace,active,baseline
ACCT-000077,2026-01-07 09:31:03,individual,C01,eml_355d8cf678b4,examplemail.test,phn_355d8cf678b4,pay_355d8cf678b4,dev_355d8cf678b4,addr_355d8cf678b4,English,,organic_web,active,baseline
ACCT-000197,2025-02-14 21:13:54,individual,C03,eml_1bb4285f12ba,vespera-mail.test,phn_1bb4285f12ba,pay_1bb4285f12ba,dev_1bb4285f12ba,addr_1bb4285f12ba,English,,support_assisted,active,baseline
ACCT-000187,2026-01-01 11:57:11,individual,C01,eml_40d48489acc1,lydora-inbox.test,phn_40d48489acc1,pay_40d48489acc1,dev_40d48489acc1,addr_40d48489acc1,Portuguese,,paid_search,active,baseline
ACCT-000242,2025-01-30 07:17:22,reseller,C08,eml_7c53605c80e0,examplemail.test,phn_7c53605c80e0,pay_7c53605c80e0,dev_7c53605c80e0,addr_7c53605c80e0,Portuguese,RSL-006,organic_web,active,baseline
ACCT-000024,2025-06-08 23:40:02,business,C04,eml_08c19fdf0696,lydora-inbox.test,phn_08c19fdf0696,pay_5a7b53240a6c,dev_08c19fdf0696,addr_08c19fdf0696,English,RSL-009,paid_search,active,bulk_order_burst
ACCT-000357,2025-05-15 12:40:19,business,C05,eml_93b6da43d7b6,examplemail.test,phn_93b6da43d7b6,pay_93b6da43d7b6,dev_93b6da43d7b6,addr_93b6da43d7b6,English,,paid_search,active,baseline
ACCT-000344,2025-05-04 01:01:34,individual,C03,eml_5490c45ad7c3,examplemail.test,phn_5490c45ad7c3,pay_5490c45ad7c3,dev_5490c45ad7c3,addr_5490c45ad7c3,Portuguese,,support_assisted,active,baseline
ACCT-000023,2025-02-01 04:50:17,individual,C03,eml_f1f24a662090,lydora-inbox.test,phn_f1f24a662090,pay_5a7b53240a6c,dev_f1f24a662090,addr_f1f24a662090,French,,support_assisted,active,bulk_order_burst
ACCT-000002,2025-04-30 01:10:07,business,C04,eml_7a20757b8887,lydora-inbox.test,phn_ccbde3680aa9,pay_60b92a1ac155,dev_7a20757b8887,addr_7a20757b8887,Spanish,,partner_portal,active,shared_payment_alpha
ACCT-000261,2025-01-18 23:49:01,reseller,C04,eml_e475ad94996d,vespera-mail.test,phn_e475ad94996d,pay_e475ad94996d,dev_e475ad94996d,addr_e475ad94996d,Spanish,,paid_search,active,baseline
ACCT-000117,2026-02-24 07:17:21,business,C05,eml_3a2af70c1d97,ardentmail.test,phn_3a2af70c1d97,pay_3a2af70c1d97,dev_3a2af70c1d97,addr_3a2af70c1d97,Mandarin,,support_assisted,active,baseline
ACCT-000354,2025-08-23 15:09:04,individual,C05,eml_5b7680e1e176,ardentmail.test,phn_5b7680e1e176,pay_5b7680e1e176,dev_5b7680e1e176,addr_5b7680e1e176,Spanish,,marketplace,active,baseline
ACCT-000294,2025-09-26 23:17:18,individual,C07,eml_6608b6c8fe38,lydora-inbox.test,phn_6608b6c8fe38,pay_6608b6c8fe38,dev_6608b6c8fe38,addr_6608b6c8fe38,English,,support_assisted,active,baseline
ACCT-000053,2025-06-16 12:22:14,individual,C06,eml_554ca5d70052,lydora-inbox.test,phn_834454c5b5cc,pay_554ca5d70052,dev_4a2d4598de0f,addr_554ca5d70052,English,,paid_search,active,abuse_report_cluster
ACCT-000131,2025-07-05 03:21:59,individual,C07,eml_2396b1c1ea4f,examplemail.test,phn_2396b1c1ea4f,pay_2396b1c1ea4f,dev_2396b1c1ea4f,addr_2396b1c1ea4f,English,,partner_portal,active,baseline
ACCT-000081,2025-03-05 09:26:38,individual,C07,eml_ca34864e1500,northmail.test,phn_ca34864e1500,pay_ca34864e1500,dev_ca34864e1500,addr_ca34864e1500,Spanish,,partner_portal,active,baseline
ACCT-000189,2025-10-01 23:19:48,individual,C08,eml_116c4edb1d8e,vespera-mail.test,phn_116c4edb1d8e,pay_116c4edb1d8e,dev_116c4edb1d8e,addr_116c4edb1d8e,English,,support_assisted,active,baseline
ACCT-000335,2025-04-19 11:31:40,business,C03,eml_e2ba1c55184d,examplemail.test,phn_e2ba1c55184d,pay_e2ba1c55184d,dev_e2ba1c55184d,addr_e2ba1c55184d,Spanish,,paid_search,active,baseline
ACCT-000291,2025-08-07 02:31:54,business,C01,eml_30f1beba9a57,examplemail.test,phn_30f1beba9a57,pay_30f1beba9a57,dev_30f1beba9a57,addr_30f1beba9a57,English,,support_assisted,active,baseline
ACCT-000256,2025-12-22 03:20:26,individual,C01,eml_34909c78a782,ardentmail.test,phn_34909c78a782,pay_34909c78a782,dev_34909c78a782,addr_34909c78a782,Spanish,,paid_search,active,baseline
ACCT-000350,2025-04-22 06:58:27,individual,C08,eml_5ee11479d633,ardentmail.test,phn_5ee11479d633,pay_5ee11479d633,dev_5ee11479d633,addr_5ee11479d633,English,,paid_search,active,baseline
ACCT-000185,2025-01-02 13:09:40,individual,C02,eml_d0b58534f734,northmail.test,phn_d0b58534f734,pay_d0b58534f734,dev_d0b58534f734,addr_d0b58534f734,Spanish,,partner_portal,active,baseline
ACCT-000262,2025-09-27 04:53:06,individual,C02,eml_6e99b05ddf39,northmail.test,phn_6e99b05ddf39,pay_6e99b05ddf39,dev_6e99b05ddf39,addr_6e99b05ddf39,Portuguese,,organic_web,active,baseline
ACCT-000234,2025-05-30 16:03:49,reseller,C05,eml_d5d2f1c6e670,northmail.test,phn_d5d2f1c6e670,pay_d5d2f1c6e670,dev_d5d2f1c6e670,addr_d5d2f1c6e670,Portuguese,RSL-010,marketplace,under_review,baseline
ACCT-000340,2025-08-05 10:30:09,business,C01,eml_d905f8351ae4,lydora-inbox.test,phn_d905f8351ae4,pay_d905f8351ae4,dev_d905f8351ae4,addr_d905f8351ae4,Portuguese,,support_assisted,active,baseline
ACCT-000040,2025-05-28 23:19:30,individual,C02,eml_07fe78b2ecbf,vespera-mail.test,phn_07fe78b2ecbf,pay_07fe78b2ecbf,dev_07fe78b2ecbf,addr_4272d7b750b1,English,,paid_search,under_review,diversion_path_cluster
ACCT-000322,2025-02-18 22:16:22,individual,C08,eml_116945fe3651,ardentmail.test,phn_116945fe3651,pay_116945fe3651,dev_116945fe3651,addr_116945fe3651,English,,organic_web,active,baseline
ACCT-000296,2025-10-19 22:27:59,individual,C05,eml_aa6dfc18b39b,vespera-mail.test,phn_aa6dfc18b39b,pay_aa6dfc18b39b,dev_aa6dfc18b39b,addr_aa6dfc18b39b,Spanish,,marketplace,active,baseline
ACCT-000135,2025-09-08 12:35:58,individual,C06,eml_aa19682620c4,examplemail.test,phn_aa19682620c4,pay_aa19682620c4,dev_aa19682620c4,addr_aa19682620c4,English,,paid_search,active,baseline
ACCT-000033,2025-10-11 13:35:48,business,C04,eml_871b32789072,examplemail.test,phn_871b32789072,pay_871b32789072,dev_86e1a0a4a6a7,addr_871b32789072,Mandarin,,marketplace,active,rapid_transfer_cluster
ACCT-000269,2025-08-22 06:19:36,individual,C05,eml_ee3fe2797a25,ardentmail.test,phn_ee3fe2797a25,pay_ee3fe2797a25,dev_ee3fe2797a25,addr_ee3fe2797a25,Spanish,,support_assisted,active,baseline
ACCT-000140,2026-03-09 11:30:08,individual,C07,eml_5f63ceda4522,ardentmail.test,phn_5f63ceda4522,pay_5f63ceda4522,dev_5f63ceda4522,addr_5f63ceda4522,Spanish,,paid_search,active,baseline
ACCT-000220,2025-07-07 07:30:25,individual,C08,eml_1deb01830ebe,greenpost.test,phn_1deb01830ebe,pay_1deb01830ebe,dev_1deb01830ebe,addr_1deb01830ebe,English,,paid_search,active,baseline
ACCT-000172,2025-05-01 03:28:47,individual,C03,eml_f34bce01f255,vespera-mail.test,phn_f34bce01f255,pay_f34bce01f255,dev_f34bce01f255,addr_f34bce01f255,Arabic,,marketplace,active,baseline
ACCT-000016,2025-05-29 01:45:03,individual,C02,eml_f80a56deb5be,northmail.test,phn_f80a56deb5be,pay_f80a56deb5be,dev_f80a56deb5be,addr_9a6f846daeb6,English,,support_assisted,active,shared_shipping_gamma
ACCT-000061,2026-01-04 03:49:04,reseller,C02,eml_afc1251e6dd0,relaydrop.test,phn_afc1251e6dd0,pay_afc1251e6dd0,dev_afc1251e6dd0,addr_afc1251e6dd0,Spanish,RSL-004,marketplace,active,watchlisted_reseller_cluster
ACCT-000138,2025-03-16 04:31:42,individual,C03,eml_f54908241938,greenpost.test,phn_f54908241938,pay_f54908241938,dev_f54908241938,addr_f54908241938,French,,marketplace,active,baseline
ACCT-000065,2025-12-24 10:09:45,reseller,C06,eml_2207716b4804,relaydrop.test,phn_2207716b4804,pay_2207716b4804,dev_2207716b4804,addr_2207716b4804,Spanish,RSL-004,partner_portal,limited,watchlisted_reseller_cluster
ACCT-000191,2025-02-04 08:36:29,business,C08,eml_bc89b1a203d0,greenpost.test,phn_bc89b1a203d0,pay_bc89b1a203d0,dev_bc89b1a203d0,addr_bc89b1a203d0,Portuguese,,paid_search,active,baseline
ACCT-000086,2025-11-09 23:18:09,reseller,C07,eml_167b7f18a27d,lydora-inbox.test,phn_167b7f18a27d,pay_167b7f18a27d,dev_167b7f18a27d,addr_167b7f18a27d,English,,marketplace,active,baseline
ACCT-000133,2025-02-04 00:22:58,business,C01,eml_beb7355a652b,vespera-mail.test,phn_beb7355a652b,pay_beb7355a652b,dev_beb7355a652b,addr_beb7355a652b,Spanish,,organic_web,active,baseline
ACCT-000265,2025-02-14 04:11:35,individual,C06,eml_2f2a99262d46,greenpost.test,phn_2f2a99262d46,pay_2f2a99262d46,dev_2f2a99262d46,addr_2f2a99262d46,English,,partner_portal,limited,baseline
ACCT-000268,2025-02-06 17:58:58,reseller,C07,eml_7a33dbb8cc7d,vespera-mail.test,phn_7a33dbb8cc7d,pay_7a33dbb8cc7d,dev_7a33dbb8cc7d,addr_7a33dbb8cc7d,English,,partner_portal,active,baseline
ACCT-000178,2025-05-05 20:26:18,individual,C04,eml_f95d35ea6f02,ardentmail.test,phn_f95d35ea6f02,pay_f95d35ea6f02,dev_f95d35ea6f02,addr_f95d35ea6f02,English,,support_assisted,active,baseline
ACCT-000255,2025-06-09 20:57:40,business,C03,eml_607d4cdae431,ardentmail.test,phn_607d4cdae431,pay_607d4cdae431,dev_607d4cdae431,addr_607d4cdae431,English,,partner_portal,active,baseline
ACCT-000084,2026-02-28 07:22:42,individual,C02,eml_165b982592d6,northmail.test,phn_165b982592d6,pay_165b982592d6,dev_165b982592d6,addr_165b982592d6,Mandarin,,organic_web,active,baseline
ACCT-000006,2025-05-06 19:29:32,individual,C04,eml_a5f0474a1e1b,ardentmail.test,phn_ccbde3680aa9,pay_60b92a1ac155,dev_a5f0474a1e1b,addr_a5f0474a1e1b,Mandarin,,organic_web,active,shared_payment_alpha
ACCT-000071,2026-03-04 19:59:05,individual,C04,eml_3cde8b07f0a3,vespera-mail.test,phn_3cde8b07f0a3,pay_3cde8b07f0a3,dev_3cde8b07f0a3,addr_3cde8b07f0a3,Arabic,,organic_web,active,support_script_cluster
ACCT-000007,2025-10-10 06:27:06,business,C01,eml_9e79e9aeba07,greenpost.test,phn_ccbde3680aa9,pay_60b92a1ac155,dev_9e79e9aeba07,addr_9e79e9aeba07,English,,organic_web,active,shared_payment_alpha
ACCT-000062,2025-05-08 12:48:57,reseller,C04,eml_803402ee258c,relaydrop.test,phn_803402ee258c,pay_803402ee258c,dev_803402ee258c,addr_803402ee258c,Spanish,RSL-004,organic_web,active,watchlisted_reseller_cluster
ACCT-000090,2025-05-06 05:59:33,individual,C07,eml_57a61b9d8fab,vespera-mail.test,phn_57a61b9d8fab,pay_57a61b9d8fab,dev_57a61b9d8fab,addr_57a61b9d8fab,Spanish,,support_assisted,active,baseline
ACCT-000337,2025-11-17 00:42:34,reseller,C04,eml_290a900605b9,vespera-mail.test,phn_290a900605b9,pay_290a900605b9,dev_290a900605b9,addr_290a900605b9,English,,organic_web,limited,baseline
ACCT-000342,2025-12-01 01:07:40,business,C03,eml_cf8791ec9c98,greenpost.test,phn_cf8791ec9c98,pay_cf8791ec9c98,dev_cf8791ec9c98,addr_cf8791ec9c98,Arabic,,partner_portal,active,baseline
ACCT-000159,2025-09-03 21:15:22,individual,C05,eml_568ebd94ae07,examplemail.test,phn_568ebd94ae07,pay_568ebd94ae07,dev_568ebd94ae07,addr_568ebd94ae07,Spanish,,partner_portal,active,baseline
ACCT-000029,2025-03-25 11:17:42,business,C03,eml_30b7a82f82a4,ardentmail.test,phn_30b7a82f82a4,pay_30b7a82f82a4,dev_86e1a0a4a6a7,addr_30b7a82f82a4,English,RSL-010,partner_portal,active,rapid_transfer_cluster
ACCT-000312,2025-10-07 14:06:55,business,C04,eml_3a1a92c63d38,ardentmail.test,phn_3a1a92c63d38,pay_3a1a92c63d38,dev_3a1a92c63d38,addr_3a1a92c63d38,French,,marketplace,active,baseline
ACCT-000314,2025-09-15 21:24:37,reseller,C04,eml_dd2e8403fc19,examplemail.test,phn_dd2e8403fc19,pay_dd2e8403fc19,dev_dd2e8403fc19,addr_dd2e8403fc19,English,,partner_portal,active,baseline
ACCT-000233,2025-05-15 20:21:15,individual,C05,eml_399e21ff263c,ardentmail.test,phn_399e21ff263c,pay_399e21ff263c,dev_399e21ff263c,addr_399e21ff263c,English,,marketplace,active,baseline
ACCT-000060,2025-02-23 15:08:20,reseller,C03,eml_b863883eefd1,relaydrop.test,phn_b863883eefd1,pay_b863883eefd1,dev_b863883eefd1,addr_b863883eefd1,Portuguese,RSL-004,paid_search,active,watchlisted_reseller_cluster
ACCT-000223,2026-03-04 10:04:44,individual,C02,eml_0931bd546210,ardentmail.test,phn_0931bd546210,pay_0931bd546210,dev_0931bd546210,addr_0931bd546210,French,,paid_search,active,baseline
ACCT-000045,2025-08-09 18:09:43,individual,C04,eml_374c4a3c5124,vespera-mail.test,phn_374c4a3c5124,pay_e4dcd8395e79,dev_374c4a3c5124,addr_374c4a3c5124,Spanish,,marketplace,active,chargeback_cluster
ACCT-000126,2025-10-13 15:37:11,individual,C04,eml_b73c809f6207,vespera-mail.test,phn_b73c809f6207,pay_b73c809f6207,dev_b73c809f6207,addr_b73c809f6207,English,,support_assisted,active,baseline
ACCT-000030,2025-07-15 09:14:21,reseller,C01,eml_421d98a0e563,examplemail.test,phn_421d98a0e563,pay_421d98a0e563,dev_86e1a0a4a6a7,addr_421d98a0e563,French,,organic_web,active,rapid_transfer_cluster
ACCT-000123,2025-04-01 12:38:33,individual,C07,eml_838b5ed709e4,ardentmail.test,phn_838b5ed709e4,pay_838b5ed709e4,dev_838b5ed709e4,addr_838b5ed709e4,English,,partner_portal,active,baseline
ACCT-000224,2025-09-21 17:00:29,individual,C07,eml_a7b67c2b3c51,greenpost.test,phn_a7b67c2b3c51,pay_a7b67c2b3c51,dev_a7b67c2b3c51,addr_a7b67c2b3c51,Arabic,,partner_portal,active,baseline
