asset_id,serial_number,model,manufactured_at,first_order_id,current_account_id,current_status,synthetic_scenario
ASSET-0000001,AST-2026-00000001,Beacon-Mini,2025-01-04,ORD-0000001,ACCT-000111,active,baseline
ASSET-0000002,AST-2026-00000002,Beacon-Mini,2025-03-29,ORD-0000002,ACCT-000111,active,baseline
ASSET-0000003,AST-2026-00000003,Atlas-T1,2025-03-25,ORD-0000003,ACCT-000166,shipped,baseline
ASSET-0000004,AST-2026-00000004,Beacon-Mini,2025-11-29,ORD-0000004,ACCT-000114,active,baseline
ASSET-0000005,AST-2026-00000005,Atlas-T2,2025-06-20,ORD-0000005,ACCT-000114,active,baseline
ASSET-0000006,AST-2026-00000006,Beacon-Mini,2026-01-19,ORD-0000006,ACCT-000236,transferred,baseline
ASSET-0000007,AST-2026-00000007,Courier-X,2026-01-05,ORD-0000007,ACCT-000114,active,baseline
ASSET-0000008,AST-2026-00000008,Atlas-T1,2025-03-18,ORD-0000008,ACCT-000048,active,chargeback_cluster
ASSET-0000009,AST-2026-00000009,Beacon-Mini,2025-08-02,ORD-0000009,ACCT-000048,active,chargeback_cluster
ASSET-0000010,AST-2026-00000010,Beacon-Mini,2025-05-17,ORD-0000010,ACCT-000014,active,shared_device_beta
ASSET-0000011,AST-2026-00000011,Atlas-T2,2025-04-23,ORD-0000011,ACCT-000014,active,shared_device_beta
ASSET-0000012,AST-2026-00000012,Beacon-Pro,2024-09-19,ORD-0000012,ACCT-000009,shipped,shared_device_beta
ASSET-0000013,AST-2026-00000013,Atlas-T2,2025-01-02,ORD-0000013,ACCT-000009,active,shared_device_beta
ASSET-0000014,AST-2026-00000014,Courier-X,2025-05-09,ORD-0000014,ACCT-000358,active,baseline
ASSET-0000015,AST-2026-00000015,Beacon-Pro,2025-08-05,ORD-0000015,ACCT-000122,active,baseline
ASSET-0000016,AST-2026-00000016,Courier-X,2025-02-05,ORD-0000015,ACCT-000122,active,baseline
ASSET-0000017,AST-2026-00000017,Beacon-Mini,2025-10-19,ORD-0000016,ACCT-000094,active,baseline
ASSET-0000018,AST-2026-00000018,Beacon-Pro,2025-11-13,ORD-0000017,ACCT-000154,active,baseline
ASSET-0000019,AST-2026-00000019,Atlas-T1,2024-12-18,ORD-0000018,ACCT-000147,active,baseline
ASSET-0000020,AST-2026-00000020,Beacon-Mini,2025-06-05,ORD-0000019,ACCT-000147,active,baseline
ASSET-0000021,AST-2026-00000021,Beacon-Mini,2025-04-10,ORD-0000019,ACCT-000147,active,baseline
ASSET-0000022,AST-2026-00000022,Atlas-T1,2024-09-23,ORD-0000020,ACCT-000087,active,baseline
ASSET-0000023,AST-2026-00000023,Beacon-Pro,2025-03-15,ORD-0000021,ACCT-000087,active,baseline
ASSET-0000024,AST-2026-00000024,Beacon-Pro,2025-09-04,ORD-0000022,ACCT-000010,active,shared_device_beta
ASSET-0000025,AST-2026-00000025,Beacon-Mini,2024-10-30,ORD-0000022,ACCT-000010,active,shared_device_beta
ASSET-0000026,AST-2026-00000026,Beacon-Mini,2024-11-25,ORD-0000022,ACCT-000010,active,shared_device_beta
ASSET-0000027,AST-2026-00000027,Beacon-Pro,2025-04-05,ORD-0000022,ACCT-000010,active,shared_device_beta
ASSET-0000028,AST-2026-00000028,Atlas-T2,2025-06-26,ORD-0000023,ACCT-000073,shipped,support_script_cluster
ASSET-0000029,AST-2026-00000029,Beacon-Mini,2025-10-04,ORD-0000024,ACCT-000073,active,support_script_cluster
ASSET-0000030,AST-2026-00000030,Courier-X,2025-07-30,ORD-0000025,ACCT-000095,transferred,watchlisted_reseller_cluster
ASSET-0000031,AST-2026-00000031,Beacon-Pro,2026-02-09,ORD-0000026,ACCT-000197,transferred,watchlisted_reseller_cluster
ASSET-0000032,AST-2026-00000032,Beacon-Mini,2026-02-18,ORD-0000027,ACCT-000066,active,watchlisted_reseller_cluster
ASSET-0000033,AST-2026-00000033,Beacon-Pro,2024-12-29,ORD-0000028,ACCT-000157,active,baseline
ASSET-0000034,AST-2026-00000034,Atlas-T2,2025-02-12,ORD-0000029,ACCT-000157,active,baseline
ASSET-0000035,AST-2026-00000035,Atlas-T1,2025-07-23,ORD-0000030,ACCT-000157,active,baseline
ASSET-0000036,AST-2026-00000036,Atlas-T1,2025-02-03,ORD-0000030,ACCT-000157,active,baseline
ASSET-0000037,AST-2026-00000037,Courier-X,2025-11-01,ORD-0000031,ACCT-000201,active,abuse_report_cluster
ASSET-0000038,AST-2026-00000038,Atlas-T1,2025-06-01,ORD-0000032,ACCT-000250,active,baseline
ASSET-0000039,AST-2026-00000039,Beacon-Mini,2025-03-01,ORD-0000033,ACCT-000250,active,baseline
ASSET-0000040,AST-2026-00000040,Beacon-Mini,2024-08-18,ORD-0000033,ACCT-000250,active,baseline
ASSET-0000041,AST-2026-00000041,Atlas-T2,2025-07-23,ORD-0000034,ACCT-000142,shipped,baseline
ASSET-0000042,AST-2026-00000042,Beacon-Pro,2025-08-28,ORD-0000034,ACCT-000142,active,baseline
ASSET-0000043,AST-2026-00000043,Beacon-Mini,2024-12-20,ORD-0000035,ACCT-000230,active,baseline
ASSET-0000044,AST-2026-00000044,Atlas-T1,2024-11-19,ORD-0000035,ACCT-000230,active,baseline
ASSET-0000045,AST-2026-00000045,Atlas-T2,2024-08-03,ORD-0000036,ACCT-000230,active,baseline
ASSET-0000046,AST-2026-00000046,Atlas-T1,2025-09-02,ORD-0000037,ACCT-000226,active,baseline
ASSET-0000047,AST-2026-00000047,Courier-X,2025-06-09,ORD-0000037,ACCT-000226,active,baseline
ASSET-0000048,AST-2026-00000048,Courier-X,2025-04-22,ORD-0000038,ACCT-000226,active,baseline
ASSET-0000049,AST-2026-00000049,Beacon-Pro,2025-06-04,ORD-0000039,ACCT-000320,active,baseline
ASSET-0000050,AST-2026-00000050,Atlas-T2,2025-05-02,ORD-0000040,ACCT-000320,active,baseline
ASSET-0000051,AST-2026-00000051,Beacon-Pro,2025-12-12,ORD-0000041,ACCT-000320,active,baseline
ASSET-0000052,AST-2026-00000052,Courier-X,2025-04-10,ORD-0000041,ACCT-000320,active,baseline
ASSET-0000053,AST-2026-00000053,Courier-X,2025-03-06,ORD-0000042,ACCT-000199,active,baseline
ASSET-0000054,AST-2026-00000054,Beacon-Pro,2025-11-18,ORD-0000043,ACCT-000199,active,baseline
ASSET-0000055,AST-2026-00000055,Beacon-Mini,2025-03-27,ORD-0000044,ACCT-000199,shipped,baseline
ASSET-0000056,AST-2026-00000056,Atlas-T2,2025-04-29,ORD-0000044,ACCT-000199,active,baseline
ASSET-0000057,AST-2026-00000057,Courier-X,2025-07-25,ORD-0000044,ACCT-000199,active,baseline
ASSET-0000058,AST-2026-00000058,Beacon-Mini,2025-03-22,ORD-0000045,ACCT-000069,active,support_script_cluster
ASSET-0000059,AST-2026-00000059,Courier-X,2025-01-17,ORD-0000046,ACCT-000069,active,support_script_cluster
ASSET-0000060,AST-2026-00000060,Atlas-T2,2025-10-13,ORD-0000047,ACCT-000308,active,baseline
ASSET-0000061,AST-2026-00000061,Atlas-T1,2025-04-06,ORD-0000048,ACCT-000085,active,baseline
ASSET-0000062,AST-2026-00000062,Beacon-Mini,2025-08-14,ORD-0000048,ACCT-000085,active,baseline
ASSET-0000063,AST-2026-00000063,Courier-X,2024-06-23,ORD-0000049,ACCT-000076,active,baseline
ASSET-0000064,AST-2026-00000064,Atlas-T2,2024-07-28,ORD-0000049,ACCT-000076,active,baseline
ASSET-0000065,AST-2026-00000065,Beacon-Mini,2024-05-08,ORD-0000049,ACCT-000076,active,baseline
ASSET-0000066,AST-2026-00000066,Courier-X,2024-12-14,ORD-0000050,ACCT-000200,active,baseline
ASSET-0000067,AST-2026-00000067,Atlas-T2,2025-09-17,ORD-0000051,ACCT-000246,shipped,baseline
ASSET-0000068,AST-2026-00000068,Courier-X,2025-11-22,ORD-0000051,ACCT-000246,active,baseline
ASSET-0000069,AST-2026-00000069,Atlas-T1,2025-06-16,ORD-0000052,ACCT-000310,active,baseline
ASSET-0000070,AST-2026-00000070,Beacon-Pro,2025-03-23,ORD-0000053,ACCT-000310,active,baseline
ASSET-0000071,AST-2026-00000071,Beacon-Mini,2025-01-21,ORD-0000054,ACCT-000227,active,baseline
ASSET-0000072,AST-2026-00000072,Beacon-Mini,2025-05-27,ORD-0000055,ACCT-000227,active,baseline
ASSET-0000073,AST-2026-00000073,Beacon-Mini,2024-06-02,ORD-0000056,ACCT-000047,active,chargeback_cluster
ASSET-0000074,AST-2026-00000074,Beacon-Pro,2024-09-19,ORD-0000057,ACCT-000047,active,chargeback_cluster
ASSET-0000075,AST-2026-00000075,Atlas-T1,2025-08-06,ORD-0000058,ACCT-000047,shipped,chargeback_cluster
ASSET-0000076,AST-2026-00000076,Beacon-Mini,2025-08-06,ORD-0000059,ACCT-000196,active,baseline
ASSET-0000077,AST-2026-00000077,Beacon-Pro,2025-07-22,ORD-0000060,ACCT-000186,active,baseline
ASSET-0000078,AST-2026-00000078,Courier-X,2026-02-16,ORD-0000061,ACCT-000186,active,baseline
ASSET-0000079,AST-2026-00000079,Beacon-Mini,2025-05-19,ORD-0000061,ACCT-000186,active,baseline
ASSET-0000080,AST-2026-00000080,Atlas-T2,2024-10-10,ORD-0000062,ACCT-000161,active,baseline
ASSET-0000081,AST-2026-00000081,Atlas-T2,2025-07-12,ORD-0000063,ACCT-000044,active,chargeback_cluster
ASSET-0000082,AST-2026-00000082,Beacon-Pro,2025-09-15,ORD-0000063,ACCT-000044,active,chargeback_cluster
ASSET-0000083,AST-2026-00000083,Atlas-T2,2025-06-04,ORD-0000064,ACCT-000179,active,baseline
ASSET-0000084,AST-2026-00000084,Atlas-T1,2024-12-31,ORD-0000065,ACCT-000279,active,baseline
ASSET-0000085,AST-2026-00000085,Beacon-Mini,2025-05-15,ORD-0000066,ACCT-000203,active,baseline
ASSET-0000086,AST-2026-00000086,Courier-X,2025-03-07,ORD-0000067,ACCT-000203,active,baseline
ASSET-0000087,AST-2026-00000087,Beacon-Mini,2025-10-01,ORD-0000067,ACCT-000203,shipped,baseline
ASSET-0000088,AST-2026-00000088,Beacon-Pro,2025-04-18,ORD-0000068,ACCT-000249,active,baseline
ASSET-0000089,AST-2026-00000089,Atlas-T2,2025-04-30,ORD-0000068,ACCT-000249,active,baseline
ASSET-0000090,AST-2026-00000090,Beacon-Pro,2024-08-14,ORD-0000069,ACCT-000124,active,baseline
ASSET-0000091,AST-2026-00000091,Beacon-Pro,2024-12-05,ORD-0000070,ACCT-000124,active,baseline
ASSET-0000092,AST-2026-00000092,Beacon-Pro,2025-07-13,ORD-0000071,ACCT-000124,active,baseline
ASSET-0000093,AST-2026-00000093,Atlas-T1,2025-08-16,ORD-0000071,ACCT-000124,active,baseline
ASSET-0000094,AST-2026-00000094,Beacon-Mini,2024-12-08,ORD-0000072,ACCT-000243,active,baseline
ASSET-0000095,AST-2026-00000095,Courier-X,2025-03-16,ORD-0000073,ACCT-000100,active,baseline
ASSET-0000096,AST-2026-00000096,Beacon-Mini,2025-04-13,ORD-0000074,ACCT-000100,active,baseline
ASSET-0000097,AST-2026-00000097,Atlas-T1,2025-05-05,ORD-0000075,ACCT-000100,shipped,baseline
ASSET-0000098,AST-2026-00000098,Courier-X,2025-04-19,ORD-0000075,ACCT-000100,active,baseline
ASSET-0000099,AST-2026-00000099,Beacon-Pro,2024-12-18,ORD-0000075,ACCT-000100,active,baseline
ASSET-0000100,AST-2026-00000100,Atlas-T1,2025-04-11,ORD-0000076,ACCT-000100,shipped,baseline
ASSET-0000101,AST-2026-00000101,Beacon-Mini,2026-02-06,ORD-0000076,ACCT-000100,active,baseline
ASSET-0000102,AST-2026-00000102,Atlas-T2,2025-11-01,ORD-0000077,ACCT-000232,active,baseline
ASSET-0000103,AST-2026-00000103,Atlas-T2,2025-11-09,ORD-0000077,ACCT-000232,active,baseline
ASSET-0000104,AST-2026-00000104,Beacon-Mini,2024-09-05,ORD-0000078,ACCT-000271,active,baseline
ASSET-0000105,AST-2026-00000105,Beacon-Mini,2025-06-07,ORD-0000079,ACCT-000271,active,baseline
ASSET-0000106,AST-2026-00000106,Atlas-T2,2025-07-17,ORD-0000080,ACCT-000271,active,baseline
ASSET-0000107,AST-2026-00000107,Courier-X,2025-03-19,ORD-0000081,ACCT-000306,active,baseline
ASSET-0000108,AST-2026-00000108,Beacon-Mini,2024-02-25,ORD-0000082,ACCT-000110,active,baseline
ASSET-0000109,AST-2026-00000109,Atlas-T1,2024-10-11,ORD-0000082,ACCT-000110,active,baseline
ASSET-0000110,AST-2026-00000110,Atlas-T2,2025-05-15,ORD-0000083,ACCT-000290,active,baseline
ASSET-0000111,AST-2026-00000111,Atlas-T2,2025-07-21,ORD-0000084,ACCT-000236,active,baseline
ASSET-0000112,AST-2026-00000112,Atlas-T2,2025-04-20,ORD-0000085,ACCT-000113,active,baseline
ASSET-0000113,AST-2026-00000113,Atlas-T2,2025-02-19,ORD-0000085,ACCT-000113,active,baseline
ASSET-0000114,AST-2026-00000114,Beacon-Pro,2025-11-17,ORD-0000086,ACCT-000015,active,shared_device_beta
ASSET-0000115,AST-2026-00000115,Atlas-T2,2025-03-26,ORD-0000087,ACCT-000171,transferred,diversion_path_cluster
ASSET-0000116,AST-2026-00000116,Beacon-Pro,2025-04-14,ORD-0000088,ACCT-000161,transferred,diversion_path_cluster
ASSET-0000117,AST-2026-00000117,Courier-X,2025-07-30,ORD-0000088,ACCT-000100,active,diversion_path_cluster
ASSET-0000118,AST-2026-00000118,Beacon-Mini,2025-05-28,ORD-0000089,ACCT-000021,active,shared_shipping_gamma
ASSET-0000119,AST-2026-00000119,Beacon-Mini,2024-08-12,ORD-0000090,ACCT-000304,shipped,baseline
ASSET-0000120,AST-2026-00000120,Courier-X,2024-05-23,ORD-0000090,ACCT-000304,active,baseline
ASSET-0000121,AST-2026-00000121,Atlas-T1,2025-01-21,ORD-0000091,ACCT-000304,active,baseline
ASSET-0000122,AST-2026-00000122,Beacon-Mini,2025-04-13,ORD-0000092,ACCT-000153,active,baseline
ASSET-0000123,AST-2026-00000123,Beacon-Pro,2025-11-19,ORD-0000093,ACCT-000153,active,baseline
ASSET-0000124,AST-2026-00000124,Courier-X,2025-02-20,ORD-0000094,ACCT-000144,active,baseline
ASSET-0000125,AST-2026-00000125,Atlas-T1,2025-01-11,ORD-0000094,ACCT-000144,active,baseline
ASSET-0000126,AST-2026-00000126,Beacon-Pro,2025-08-15,ORD-0000095,ACCT-000144,active,baseline
ASSET-0000127,AST-2026-00000127,Beacon-Pro,2025-06-21,ORD-0000096,ACCT-000144,transferred,diversion_path_cluster
ASSET-0000128,AST-2026-00000128,Beacon-Pro,2025-07-13,ORD-0000096,ACCT-000029,transferred,diversion_path_cluster
ASSET-0000129,AST-2026-00000129,Courier-X,2024-09-18,ORD-0000097,ACCT-000333,active,baseline
ASSET-0000130,AST-2026-00000130,Courier-X,2024-06-08,ORD-0000097,ACCT-000333,active,baseline
ASSET-0000131,AST-2026-00000131,Beacon-Mini,2024-03-27,ORD-0000097,ACCT-000333,active,baseline
ASSET-0000132,AST-2026-00000132,Beacon-Pro,2025-05-20,ORD-0000098,ACCT-000151,active,baseline
ASSET-0000133,AST-2026-00000133,Beacon-Mini,2025-02-05,ORD-0000099,ACCT-000063,active,watchlisted_reseller_cluster
ASSET-0000134,AST-2026-00000134,Courier-X,2026-01-04,ORD-0000100,ACCT-000063,active,watchlisted_reseller_cluster
ASSET-0000135,AST-2026-00000135,Atlas-T1,2025-04-01,ORD-0000101,ACCT-000248,active,baseline
ASSET-0000136,AST-2026-00000136,Courier-X,2025-10-24,ORD-0000102,ACCT-000099,shipped,baseline
ASSET-0000137,AST-2026-00000137,Beacon-Mini,2025-05-29,ORD-0000103,ACCT-000328,active,baseline
ASSET-0000138,AST-2026-00000138,Atlas-T2,2024-12-21,ORD-0000104,ACCT-000245,active,baseline
ASSET-0000139,AST-2026-00000139,Atlas-T2,2025-09-19,ORD-0000105,ACCT-000245,active,baseline
ASSET-0000140,AST-2026-00000140,Courier-X,2025-05-04,ORD-0000106,ACCT-000190,active,baseline
ASSET-0000141,AST-2026-00000141,Atlas-T1,2026-02-16,ORD-0000106,ACCT-000190,active,baseline
ASSET-0000142,AST-2026-00000142,Beacon-Mini,2024-11-08,ORD-0000107,ACCT-000264,active,baseline
ASSET-0000143,AST-2026-00000143,Beacon-Pro,2025-04-17,ORD-0000108,ACCT-000240,active,baseline
ASSET-0000144,AST-2026-00000144,Courier-X,2025-08-12,ORD-0000109,ACCT-000127,active,baseline
ASSET-0000145,AST-2026-00000145,Beacon-Pro,2025-01-25,ORD-0000110,ACCT-000127,active,baseline
ASSET-0000146,AST-2026-00000146,Courier-X,2025-03-04,ORD-0000111,ACCT-000173,active,baseline
ASSET-0000147,AST-2026-00000147,Beacon-Pro,2025-09-30,ORD-0000112,ACCT-000018,active,shared_shipping_gamma
ASSET-0000148,AST-2026-00000148,Courier-X,2025-06-05,ORD-0000113,ACCT-000050,shipped,chargeback_cluster
ASSET-0000149,AST-2026-00000149,Courier-X,2025-09-28,ORD-0000114,ACCT-000050,active,chargeback_cluster
ASSET-0000150,AST-2026-00000150,Beacon-Mini,2025-02-14,ORD-0000115,ACCT-000095,active,baseline
ASSET-0000151,AST-2026-00000151,Beacon-Mini,2025-04-05,ORD-0000116,ACCT-000121,active,baseline
ASSET-0000152,AST-2026-00000152,Atlas-T1,2025-01-20,ORD-0000117,ACCT-000317,active,baseline
ASSET-0000153,AST-2026-00000153,Courier-X,2025-06-28,ORD-0000117,ACCT-000317,active,baseline
ASSET-0000154,AST-2026-00000154,Atlas-T2,2025-08-12,ORD-0000118,ACCT-000317,active,baseline
ASSET-0000155,AST-2026-00000155,Atlas-T1,2025-06-29,ORD-0000118,ACCT-000317,active,baseline
ASSET-0000156,AST-2026-00000156,Beacon-Pro,2025-09-22,ORD-0000119,ACCT-000283,active,baseline
ASSET-0000157,AST-2026-00000157,Atlas-T2,2025-05-12,ORD-0000120,ACCT-000283,active,baseline
ASSET-0000158,AST-2026-00000158,Beacon-Pro,2025-10-21,ORD-0000121,ACCT-000343,active,baseline
ASSET-0000159,AST-2026-00000159,Atlas-T2,2024-06-21,ORD-0000122,ACCT-000353,active,baseline
ASSET-0000160,AST-2026-00000160,Atlas-T2,2024-08-29,ORD-0000122,ACCT-000353,active,baseline
ASSET-0000161,AST-2026-00000161,Beacon-Mini,2025-05-12,ORD-0000123,ACCT-000353,active,baseline
ASSET-0000162,AST-2026-00000162,Courier-X,2025-11-29,ORD-0000124,ACCT-000177,active,baseline
ASSET-0000163,AST-2026-00000163,Atlas-T2,2025-11-03,ORD-0000125,ACCT-000272,shipped,baseline
ASSET-0000164,AST-2026-00000164,Courier-X,2025-11-04,ORD-0000125,ACCT-000272,active,baseline
ASSET-0000165,AST-2026-00000165,Beacon-Pro,2025-01-23,ORD-0000126,ACCT-000263,active,baseline
ASSET-0000166,AST-2026-00000166,Atlas-T2,2025-03-26,ORD-0000127,ACCT-000263,active,baseline
ASSET-0000167,AST-2026-00000167,Courier-X,2025-04-19,ORD-0000128,ACCT-000327,active,baseline
ASSET-0000168,AST-2026-00000168,Beacon-Pro,2025-08-06,ORD-0000129,ACCT-000327,active,baseline
ASSET-0000169,AST-2026-00000169,Beacon-Pro,2024-04-02,ORD-0000130,ACCT-000080,active,baseline
ASSET-0000170,AST-2026-00000170,Beacon-Mini,2025-12-13,ORD-0000131,ACCT-000080,active,baseline
ASSET-0000171,AST-2026-00000171,Courier-X,2025-02-15,ORD-0000132,ACCT-000171,shipped,baseline
ASSET-0000172,AST-2026-00000172,Atlas-T1,2024-11-16,ORD-0000133,ACCT-000338,active,baseline
ASSET-0000173,AST-2026-00000173,Courier-X,2024-12-20,ORD-0000134,ACCT-000338,active,baseline
ASSET-0000174,AST-2026-00000174,Courier-X,2025-03-26,ORD-0000135,ACCT-000211,active,baseline
ASSET-0000175,AST-2026-00000175,Beacon-Pro,2025-06-24,ORD-0000136,ACCT-000058,active,abuse_report_cluster
ASSET-0000176,AST-2026-00000176,Beacon-Pro,2025-02-20,ORD-0000137,ACCT-000336,active,baseline
ASSET-0000177,AST-2026-00000177,Courier-X,2025-03-04,ORD-0000138,ACCT-000336,active,baseline
ASSET-0000178,AST-2026-00000178,Courier-X,2025-09-27,ORD-0000138,ACCT-000336,active,baseline
ASSET-0000179,AST-2026-00000179,Courier-X,2025-04-27,ORD-0000139,ACCT-000205,active,baseline
ASSET-0000180,AST-2026-00000180,Beacon-Mini,2025-03-17,ORD-0000139,ACCT-000205,active,baseline
ASSET-0000181,AST-2026-00000181,Beacon-Pro,2025-09-04,ORD-0000139,ACCT-000205,active,baseline
ASSET-0000182,AST-2026-00000182,Courier-X,2025-07-10,ORD-0000140,ACCT-000205,shipped,baseline
ASSET-0000183,AST-2026-00000183,Beacon-Pro,2025-10-01,ORD-0000141,ACCT-000349,active,baseline
ASSET-0000184,AST-2026-00000184,Courier-X,2024-11-02,ORD-0000141,ACCT-000349,active,baseline
ASSET-0000185,AST-2026-00000185,Beacon-Mini,2025-11-08,ORD-0000142,ACCT-000349,active,baseline
ASSET-0000186,AST-2026-00000186,Beacon-Mini,2024-01-04,ORD-0000143,ACCT-000182,active,baseline
ASSET-0000187,AST-2026-00000187,Beacon-Pro,2024-11-09,ORD-0000144,ACCT-000046,active,chargeback_cluster
ASSET-0000188,AST-2026-00000188,Courier-X,2024-06-15,ORD-0000144,ACCT-000046,active,chargeback_cluster
ASSET-0000189,AST-2026-00000189,Atlas-T2,2025-03-24,ORD-0000145,ACCT-000046,shipped,chargeback_cluster
ASSET-0000190,AST-2026-00000190,Atlas-T1,2025-10-31,ORD-0000146,ACCT-000046,active,chargeback_cluster
ASSET-0000191,AST-2026-00000191,Beacon-Mini,2026-01-10,ORD-0000147,ACCT-000303,active,baseline
ASSET-0000192,AST-2026-00000192,Courier-X,2025-03-02,ORD-0000148,ACCT-000303,active,baseline
ASSET-0000193,AST-2026-00000193,Atlas-T2,2025-10-23,ORD-0000148,ACCT-000303,active,baseline
ASSET-0000194,AST-2026-00000194,Courier-X,2025-12-24,ORD-0000148,ACCT-000303,active,baseline
ASSET-0000195,AST-2026-00000195,Atlas-T1,2024-12-04,ORD-0000149,ACCT-000055,active,abuse_report_cluster
ASSET-0000196,AST-2026-00000196,Beacon-Mini,2025-01-28,ORD-0000150,ACCT-000055,shipped,abuse_report_cluster
ASSET-0000197,AST-2026-00000197,Beacon-Mini,2025-07-04,ORD-0000151,ACCT-000088,active,baseline
ASSET-0000198,AST-2026-00000198,Beacon-Mini,2025-04-24,ORD-0000152,ACCT-000088,active,baseline
ASSET-0000199,AST-2026-00000199,Beacon-Mini,2026-01-17,ORD-0000153,ACCT-000088,active,baseline
ASSET-0000200,AST-2026-00000200,Beacon-Pro,2025-08-03,ORD-0000154,ACCT-000049,active,chargeback_cluster
ASSET-0000201,AST-2026-00000201,Beacon-Pro,2025-05-25,ORD-0000154,ACCT-000049,active,chargeback_cluster
ASSET-0000202,AST-2026-00000202,Atlas-T2,2025-06-21,ORD-0000154,ACCT-000049,active,chargeback_cluster
ASSET-0000203,AST-2026-00000203,Beacon-Mini,2025-04-26,ORD-0000155,ACCT-000324,active,baseline
ASSET-0000204,AST-2026-00000204,Atlas-T1,2024-06-14,ORD-0000156,ACCT-000093,shipped,baseline
ASSET-0000205,AST-2026-00000205,Beacon-Mini,2025-04-04,ORD-0000157,ACCT-000219,active,baseline
ASSET-0000206,AST-2026-00000206,Atlas-T1,2025-04-16,ORD-0000157,ACCT-000219,active,baseline
ASSET-0000207,AST-2026-00000207,Atlas-T1,2025-05-31,ORD-0000157,ACCT-000219,active,baseline
ASSET-0000208,AST-2026-00000208,Atlas-T2,2025-01-28,ORD-0000158,ACCT-000162,active,baseline
ASSET-0000209,AST-2026-00000209,Atlas-T1,2025-02-11,ORD-0000158,ACCT-000162,active,baseline
ASSET-0000210,AST-2026-00000210,Atlas-T1,2025-03-21,ORD-0000159,ACCT-000074,active,support_script_cluster
ASSET-0000211,AST-2026-00000211,Beacon-Pro,2025-04-18,ORD-0000160,ACCT-000311,transferred,support_script_cluster
ASSET-0000212,AST-2026-00000212,Atlas-T2,2024-11-30,ORD-0000161,ACCT-000209,active,baseline
ASSET-0000213,AST-2026-00000213,Atlas-T1,2025-04-18,ORD-0000162,ACCT-000209,active,baseline
ASSET-0000214,AST-2026-00000214,Atlas-T1,2025-04-29,ORD-0000163,ACCT-000209,active,baseline
ASSET-0000215,AST-2026-00000215,Beacon-Pro,2025-05-24,ORD-0000164,ACCT-000260,active,baseline
ASSET-0000216,AST-2026-00000216,Beacon-Pro,2025-10-06,ORD-0000165,ACCT-000260,active,baseline
ASSET-0000217,AST-2026-00000217,Courier-X,2025-10-11,ORD-0000166,ACCT-000129,active,baseline
ASSET-0000218,AST-2026-00000218,Beacon-Pro,2024-09-08,ORD-0000167,ACCT-000175,active,baseline
ASSET-0000219,AST-2026-00000219,Atlas-T1,2025-06-25,ORD-0000168,ACCT-000175,active,baseline
ASSET-0000220,AST-2026-00000220,Beacon-Pro,2025-10-07,ORD-0000169,ACCT-000359,active,baseline
ASSET-0000221,AST-2026-00000221,Beacon-Mini,2024-05-04,ORD-0000170,ACCT-000107,shipped,baseline
ASSET-0000222,AST-2026-00000222,Atlas-T2,2025-01-06,ORD-0000171,ACCT-000229,shipped,baseline
ASSET-0000223,AST-2026-00000223,Atlas-T1,2024-02-06,ORD-0000172,ACCT-000289,active,baseline
ASSET-0000224,AST-2026-00000224,Atlas-T1,2024-11-23,ORD-0000172,ACCT-000289,active,baseline
ASSET-0000225,AST-2026-00000225,Atlas-T1,2025-11-14,ORD-0000173,ACCT-000213,active,baseline
ASSET-0000226,AST-2026-00000226,Atlas-T2,2026-02-23,ORD-0000174,ACCT-000213,active,baseline
ASSET-0000227,AST-2026-00000227,Courier-X,2025-10-19,ORD-0000175,ACCT-000148,shipped,baseline
ASSET-0000228,AST-2026-00000228,Beacon-Mini,2025-10-15,ORD-0000176,ACCT-000148,active,baseline
ASSET-0000229,AST-2026-00000229,Atlas-T2,2025-05-12,ORD-0000177,ACCT-000148,active,baseline
ASSET-0000230,AST-2026-00000230,Atlas-T2,2025-07-17,ORD-0000177,ACCT-000148,active,baseline
ASSET-0000231,AST-2026-00000231,Beacon-Mini,2025-01-07,ORD-0000178,ACCT-000026,active,bulk_order_burst
ASSET-0000232,AST-2026-00000232,Atlas-T2,2025-06-27,ORD-0000178,ACCT-000026,active,bulk_order_burst
ASSET-0000233,AST-2026-00000233,Beacon-Pro,2025-11-16,ORD-0000179,ACCT-000026,shipped,bulk_order_burst
ASSET-0000234,AST-2026-00000234,Beacon-Mini,2025-10-13,ORD-0000179,ACCT-000026,active,bulk_order_burst
ASSET-0000235,AST-2026-00000235,Beacon-Pro,2025-06-04,ORD-0000179,ACCT-000026,active,bulk_order_burst
ASSET-0000236,AST-2026-00000236,Courier-X,2025-10-06,ORD-0000180,ACCT-000026,active,bulk_order_burst
ASSET-0000237,AST-2026-00000237,Atlas-T2,2025-09-20,ORD-0000180,ACCT-000026,active,bulk_order_burst
ASSET-0000238,AST-2026-00000238,Atlas-T1,2025-04-06,ORD-0000180,ACCT-000026,active,bulk_order_burst
ASSET-0000239,AST-2026-00000239,Courier-X,2025-12-13,ORD-0000181,ACCT-000026,shipped,bulk_order_burst
ASSET-0000240,AST-2026-00000240,Beacon-Mini,2025-11-18,ORD-0000181,ACCT-000026,active,bulk_order_burst
ASSET-0000241,AST-2026-00000241,Beacon-Pro,2025-01-29,ORD-0000181,ACCT-000026,shipped,bulk_order_burst
ASSET-0000242,AST-2026-00000242,Atlas-T2,2025-06-01,ORD-0000181,ACCT-000026,active,bulk_order_burst
ASSET-0000243,AST-2026-00000243,Atlas-T1,2025-03-06,ORD-0000181,ACCT-000026,active,bulk_order_burst
ASSET-0000244,AST-2026-00000244,Courier-X,2025-12-15,ORD-0000182,ACCT-000026,active,bulk_order_burst
ASSET-0000245,AST-2026-00000245,Beacon-Pro,2025-11-30,ORD-0000182,ACCT-000026,active,bulk_order_burst
ASSET-0000246,AST-2026-00000246,Atlas-T1,2025-01-30,ORD-0000182,ACCT-000026,active,bulk_order_burst
ASSET-0000247,AST-2026-00000247,Beacon-Pro,2025-11-28,ORD-0000182,ACCT-000026,active,bulk_order_burst
ASSET-0000248,AST-2026-00000248,Beacon-Mini,2025-07-29,ORD-0000182,ACCT-000026,active,bulk_order_burst
ASSET-0000249,AST-2026-00000249,Atlas-T1,2025-07-21,ORD-0000183,ACCT-000026,active,bulk_order_burst
ASSET-0000250,AST-2026-00000250,Atlas-T1,2025-08-31,ORD-0000183,ACCT-000026,active,bulk_order_burst
ASSET-0000251,AST-2026-00000251,Beacon-Pro,2025-06-24,ORD-0000184,ACCT-000026,active,bulk_order_burst
ASSET-0000252,AST-2026-00000252,Beacon-Mini,2025-05-04,ORD-0000184,ACCT-000026,active,bulk_order_burst
ASSET-0000253,AST-2026-00000253,Courier-X,2025-03-28,ORD-0000184,ACCT-000026,active,bulk_order_burst
ASSET-0000254,AST-2026-00000254,Beacon-Mini,2025-10-30,ORD-0000184,ACCT-000026,shipped,bulk_order_burst
ASSET-0000255,AST-2026-00000255,Atlas-T2,2024-10-13,ORD-0000185,ACCT-000017,active,shared_shipping_gamma
ASSET-0000256,AST-2026-00000256,Beacon-Mini,2025-05-09,ORD-0000186,ACCT-000017,active,shared_shipping_gamma
ASSET-0000257,AST-2026-00000257,Courier-X,2024-09-30,ORD-0000187,ACCT-000348,active,baseline
ASSET-0000258,AST-2026-00000258,Courier-X,2024-09-22,ORD-0000187,ACCT-000348,active,baseline
ASSET-0000259,AST-2026-00000259,Atlas-T2,2025-09-23,ORD-0000187,ACCT-000348,active,baseline
ASSET-0000260,AST-2026-00000260,Atlas-T2,2024-11-15,ORD-0000188,ACCT-000108,transferred,baseline
ASSET-0000261,AST-2026-00000261,Beacon-Mini,2025-09-24,ORD-0000189,ACCT-000276,shipped,baseline
ASSET-0000262,AST-2026-00000262,Atlas-T2,2024-09-12,ORD-0000190,ACCT-000288,active,baseline
ASSET-0000263,AST-2026-00000263,Atlas-T1,2024-10-23,ORD-0000190,ACCT-000288,active,baseline
ASSET-0000264,AST-2026-00000264,Beacon-Mini,2025-01-07,ORD-0000191,ACCT-000288,active,baseline
ASSET-0000265,AST-2026-00000265,Beacon-Mini,2025-10-28,ORD-0000192,ACCT-000288,active,baseline
ASSET-0000266,AST-2026-00000266,Courier-X,2025-06-24,ORD-0000193,ACCT-000221,active,baseline
ASSET-0000267,AST-2026-00000267,Atlas-T2,2024-10-05,ORD-0000194,ACCT-000266,active,baseline
ASSET-0000268,AST-2026-00000268,Atlas-T1,2025-09-30,ORD-0000195,ACCT-000266,active,baseline
ASSET-0000269,AST-2026-00000269,Atlas-T2,2026-02-18,ORD-0000196,ACCT-000266,active,baseline
ASSET-0000270,AST-2026-00000270,Atlas-T1,2026-02-09,ORD-0000197,ACCT-000266,active,baseline
ASSET-0000271,AST-2026-00000271,Atlas-T2,2024-12-12,ORD-0000198,ACCT-000051,active,chargeback_cluster
ASSET-0000272,AST-2026-00000272,Courier-X,2026-02-01,ORD-0000199,ACCT-000201,active,baseline
ASSET-0000273,AST-2026-00000273,Atlas-T1,2025-07-28,ORD-0000200,ACCT-000057,shipped,abuse_report_cluster
ASSET-0000274,AST-2026-00000274,Beacon-Mini,2025-07-29,ORD-0000200,ACCT-000057,active,abuse_report_cluster
ASSET-0000275,AST-2026-00000275,Courier-X,2025-12-04,ORD-0000200,ACCT-000114,active,abuse_report_cluster
ASSET-0000276,AST-2026-00000276,Atlas-T2,2026-02-02,ORD-0000201,ACCT-000042,active,abuse_report_cluster
ASSET-0000277,AST-2026-00000277,Beacon-Mini,2025-03-31,ORD-0000202,ACCT-000204,active,baseline
ASSET-0000278,AST-2026-00000278,Beacon-Pro,2024-12-18,ORD-0000203,ACCT-000315,active,baseline
ASSET-0000279,AST-2026-00000279,Beacon-Mini,2025-02-11,ORD-0000204,ACCT-000117,transferred,rapid_transfer_cluster
ASSET-0000280,AST-2026-00000280,Atlas-T1,2025-07-27,ORD-0000205,ACCT-000275,active,baseline
ASSET-0000281,AST-2026-00000281,Courier-X,2024-07-31,ORD-0000206,ACCT-000202,active,baseline
ASSET-0000282,AST-2026-00000282,Atlas-T2,2024-10-19,ORD-0000206,ACCT-000202,active,baseline
ASSET-0000283,AST-2026-00000283,Courier-X,2024-09-11,ORD-0000206,ACCT-000252,transferred,baseline
ASSET-0000284,AST-2026-00000284,Beacon-Mini,2025-09-21,ORD-0000207,ACCT-000202,active,baseline
ASSET-0000285,AST-2026-00000285,Courier-X,2024-12-26,ORD-0000207,ACCT-000202,active,baseline
ASSET-0000286,AST-2026-00000286,Atlas-T2,2026-02-27,ORD-0000208,ACCT-000158,active,baseline
ASSET-0000287,AST-2026-00000287,Atlas-T2,2025-07-12,ORD-0000209,ACCT-000141,shipped,baseline
ASSET-0000288,AST-2026-00000288,Beacon-Mini,2025-10-13,ORD-0000209,ACCT-000141,active,baseline
ASSET-0000289,AST-2026-00000289,Beacon-Pro,2024-12-14,ORD-0000209,ACCT-000141,active,baseline
ASSET-0000290,AST-2026-00000290,Beacon-Mini,2025-11-04,ORD-0000209,ACCT-000141,active,baseline
ASSET-0000291,AST-2026-00000291,Atlas-T2,2025-07-15,ORD-0000210,ACCT-000329,active,baseline
ASSET-0000292,AST-2026-00000292,Atlas-T1,2025-10-11,ORD-0000210,ACCT-000329,active,baseline
ASSET-0000293,AST-2026-00000293,Beacon-Pro,2025-06-28,ORD-0000211,ACCT-000329,active,baseline
ASSET-0000294,AST-2026-00000294,Beacon-Pro,2025-06-01,ORD-0000212,ACCT-000104,active,baseline
ASSET-0000295,AST-2026-00000295,Atlas-T1,2025-01-19,ORD-0000213,ACCT-000008,active,shared_payment_alpha
ASSET-0000296,AST-2026-00000296,Beacon-Mini,2025-02-10,ORD-0000213,ACCT-000008,active,shared_payment_alpha
ASSET-0000297,AST-2026-00000297,Atlas-T2,2025-05-19,ORD-0000214,ACCT-000008,active,shared_payment_alpha
ASSET-0000298,AST-2026-00000298,Beacon-Pro,2025-07-28,ORD-0000214,ACCT-000008,active,shared_payment_alpha
ASSET-0000299,AST-2026-00000299,Beacon-Pro,2025-03-15,ORD-0000215,ACCT-000270,active,baseline
ASSET-0000300,AST-2026-00000300,Atlas-T1,2024-11-04,ORD-0000215,ACCT-000270,active,baseline
ASSET-0000301,AST-2026-00000301,Courier-X,2025-04-22,ORD-0000216,ACCT-000198,active,baseline
ASSET-0000302,AST-2026-00000302,Beacon-Pro,2025-10-15,ORD-0000217,ACCT-000323,active,baseline
ASSET-0000303,AST-2026-00000303,Courier-X,2025-09-23,ORD-0000217,ACCT-000323,shipped,baseline
ASSET-0000304,AST-2026-00000304,Beacon-Mini,2025-12-20,ORD-0000217,ACCT-000323,active,baseline
ASSET-0000305,AST-2026-00000305,Beacon-Pro,2024-11-04,ORD-0000218,ACCT-000132,shipped,baseline
ASSET-0000306,AST-2026-00000306,Beacon-Pro,2025-05-05,ORD-0000219,ACCT-000132,active,baseline
ASSET-0000307,AST-2026-00000307,Beacon-Pro,2025-08-13,ORD-0000220,ACCT-000102,active,baseline
ASSET-0000308,AST-2026-00000308,Beacon-Mini,2025-03-29,ORD-0000221,ACCT-000102,active,baseline
ASSET-0000309,AST-2026-00000309,Courier-X,2024-12-26,ORD-0000222,ACCT-000174,active,baseline
ASSET-0000310,AST-2026-00000310,Beacon-Pro,2025-05-25,ORD-0000222,ACCT-000174,active,baseline
ASSET-0000311,AST-2026-00000311,Courier-X,2025-01-15,ORD-0000222,ACCT-000174,shipped,baseline
ASSET-0000312,AST-2026-00000312,Beacon-Mini,2025-05-09,ORD-0000223,ACCT-000174,active,baseline
ASSET-0000313,AST-2026-00000313,Atlas-T2,2025-12-09,ORD-0000224,ACCT-000174,active,baseline
ASSET-0000314,AST-2026-00000314,Atlas-T2,2025-09-02,ORD-0000225,ACCT-000174,active,baseline
ASSET-0000315,AST-2026-00000315,Beacon-Pro,2025-03-05,ORD-0000226,ACCT-000064,active,watchlisted_reseller_cluster
ASSET-0000316,AST-2026-00000316,Courier-X,2025-05-07,ORD-0000227,ACCT-000064,active,watchlisted_reseller_cluster
ASSET-0000317,AST-2026-00000317,Atlas-T2,2025-03-04,ORD-0000228,ACCT-000167,active,baseline
ASSET-0000318,AST-2026-00000318,Courier-X,2025-11-12,ORD-0000229,ACCT-000167,active,baseline
ASSET-0000319,AST-2026-00000319,Atlas-T2,2026-01-23,ORD-0000230,ACCT-000157,transferred,diversion_path_cluster
ASSET-0000320,AST-2026-00000320,Beacon-Mini,2025-12-01,ORD-0000231,ACCT-000263,transferred,diversion_path_cluster
ASSET-0000321,AST-2026-00000321,Atlas-T1,2025-04-16,ORD-0000232,ACCT-000193,active,baseline
ASSET-0000322,AST-2026-00000322,Beacon-Pro,2025-03-12,ORD-0000232,ACCT-000193,active,baseline
ASSET-0000323,AST-2026-00000323,Atlas-T1,2025-02-01,ORD-0000233,ACCT-000056,active,abuse_report_cluster
ASSET-0000324,AST-2026-00000324,Atlas-T1,2025-07-27,ORD-0000233,ACCT-000353,transferred,abuse_report_cluster
ASSET-0000325,AST-2026-00000325,Beacon-Pro,2025-09-19,ORD-0000234,ACCT-000056,active,abuse_report_cluster
ASSET-0000326,AST-2026-00000326,Courier-X,2025-05-11,ORD-0000235,ACCT-000011,active,shared_device_beta
ASSET-0000327,AST-2026-00000327,Courier-X,2025-08-26,ORD-0000236,ACCT-000155,active,baseline
ASSET-0000328,AST-2026-00000328,Atlas-T2,2024-12-18,ORD-0000237,ACCT-000112,transferred,diversion_path_cluster
ASSET-0000329,AST-2026-00000329,Atlas-T2,2025-02-18,ORD-0000237,ACCT-000305,active,diversion_path_cluster
ASSET-0000330,AST-2026-00000330,Beacon-Pro,2024-08-24,ORD-0000238,ACCT-000203,transferred,diversion_path_cluster
ASSET-0000331,AST-2026-00000331,Atlas-T2,2025-03-06,ORD-0000239,ACCT-000180,transferred,diversion_path_cluster
ASSET-0000332,AST-2026-00000332,Atlas-T1,2026-03-24,ORD-0000240,ACCT-000360,shipped,baseline
ASSET-0000333,AST-2026-00000333,Courier-X,2025-12-05,ORD-0000241,ACCT-000321,transferred,baseline
ASSET-0000334,AST-2026-00000334,Beacon-Mini,2025-06-28,ORD-0000242,ACCT-000176,active,baseline
ASSET-0000335,AST-2026-00000335,Courier-X,2025-06-04,ORD-0000243,ACCT-000068,active,support_script_cluster
ASSET-0000336,AST-2026-00000336,Courier-X,2025-06-06,ORD-0000243,ACCT-000068,shipped,support_script_cluster
ASSET-0000337,AST-2026-00000337,Beacon-Mini,2024-12-16,ORD-0000243,ACCT-000068,shipped,support_script_cluster
ASSET-0000338,AST-2026-00000338,Atlas-T1,2025-02-12,ORD-0000244,ACCT-000068,active,support_script_cluster
ASSET-0000339,AST-2026-00000339,Beacon-Mini,2025-03-31,ORD-0000245,ACCT-000119,active,baseline
ASSET-0000340,AST-2026-00000340,Atlas-T2,2025-11-09,ORD-0000246,ACCT-000235,active,baseline
ASSET-0000341,AST-2026-00000341,Atlas-T1,2025-04-28,ORD-0000246,ACCT-000235,active,baseline
ASSET-0000342,AST-2026-00000342,Atlas-T2,2025-06-28,ORD-0000247,ACCT-000235,active,baseline
ASSET-0000343,AST-2026-00000343,Beacon-Pro,2025-08-09,ORD-0000248,ACCT-000235,shipped,baseline
ASSET-0000344,AST-2026-00000344,Beacon-Pro,2025-08-19,ORD-0000249,ACCT-000241,active,baseline
ASSET-0000345,AST-2026-00000345,Courier-X,2025-03-26,ORD-0000250,ACCT-000054,shipped,abuse_report_cluster
ASSET-0000346,AST-2026-00000346,Courier-X,2025-04-05,ORD-0000251,ACCT-000332,active,baseline
ASSET-0000347,AST-2026-00000347,Beacon-Mini,2025-05-20,ORD-0000252,ACCT-000243,transferred,rapid_transfer_cluster
ASSET-0000348,AST-2026-00000348,Atlas-T1,2025-09-03,ORD-0000253,ACCT-000254,active,baseline
ASSET-0000349,AST-2026-00000349,Beacon-Mini,2025-07-14,ORD-0000253,ACCT-000254,active,baseline
ASSET-0000350,AST-2026-00000350,Beacon-Mini,2025-02-09,ORD-0000254,ACCT-000297,active,baseline
ASSET-0000351,AST-2026-00000351,Beacon-Pro,2025-02-03,ORD-0000255,ACCT-000293,active,baseline
ASSET-0000352,AST-2026-00000352,Courier-X,2024-09-30,ORD-0000256,ACCT-000126,transferred,diversion_path_cluster
ASSET-0000353,AST-2026-00000353,Beacon-Mini,2026-01-02,ORD-0000257,ACCT-000166,active,diversion_path_cluster
ASSET-0000354,AST-2026-00000354,Courier-X,2025-05-06,ORD-0000258,ACCT-000184,active,baseline
ASSET-0000355,AST-2026-00000355,Beacon-Mini,2025-02-19,ORD-0000259,ACCT-000285,active,baseline
ASSET-0000356,AST-2026-00000356,Atlas-T2,2025-10-05,ORD-0000260,ACCT-000285,active,baseline
ASSET-0000357,AST-2026-00000357,Beacon-Pro,2026-02-20,ORD-0000261,ACCT-000028,active,bulk_order_burst
ASSET-0000358,AST-2026-00000358,Beacon-Mini,2025-06-18,ORD-0000261,ACCT-000028,active,bulk_order_burst
ASSET-0000359,AST-2026-00000359,Atlas-T2,2025-08-19,ORD-0000262,ACCT-000028,active,bulk_order_burst
ASSET-0000360,AST-2026-00000360,Atlas-T1,2025-08-28,ORD-0000262,ACCT-000028,active,bulk_order_burst
ASSET-0000361,AST-2026-00000361,Atlas-T2,2026-02-17,ORD-0000262,ACCT-000028,active,bulk_order_burst
ASSET-0000362,AST-2026-00000362,Beacon-Pro,2026-03-01,ORD-0000263,ACCT-000028,active,bulk_order_burst
ASSET-0000363,AST-2026-00000363,Courier-X,2025-02-18,ORD-0000263,ACCT-000028,active,bulk_order_burst
ASSET-0000364,AST-2026-00000364,Beacon-Pro,2025-06-14,ORD-0000264,ACCT-000028,active,bulk_order_burst
ASSET-0000365,AST-2026-00000365,Atlas-T2,2025-10-19,ORD-0000264,ACCT-000032,transferred,bulk_order_burst
ASSET-0000366,AST-2026-00000366,Atlas-T1,2025-10-23,ORD-0000264,ACCT-000028,active,bulk_order_burst
ASSET-0000367,AST-2026-00000367,Courier-X,2025-11-29,ORD-0000265,ACCT-000028,active,bulk_order_burst
ASSET-0000368,AST-2026-00000368,Beacon-Mini,2025-07-28,ORD-0000265,ACCT-000028,active,bulk_order_burst
ASSET-0000369,AST-2026-00000369,Atlas-T1,2025-09-29,ORD-0000265,ACCT-000028,active,bulk_order_burst
ASSET-0000370,AST-2026-00000370,Atlas-T1,2024-12-13,ORD-0000266,ACCT-000052,active,abuse_report_cluster
ASSET-0000371,AST-2026-00000371,Atlas-T1,2024-11-05,ORD-0000267,ACCT-000207,active,baseline
ASSET-0000372,AST-2026-00000372,Courier-X,2024-07-07,ORD-0000268,ACCT-000222,shipped,baseline
ASSET-0000373,AST-2026-00000373,Atlas-T1,2025-05-19,ORD-0000269,ACCT-000070,active,support_script_cluster
ASSET-0000374,AST-2026-00000374,Atlas-T1,2025-02-06,ORD-0000270,ACCT-000070,active,support_script_cluster
ASSET-0000375,AST-2026-00000375,Courier-X,2025-05-03,ORD-0000271,ACCT-000116,active,baseline
ASSET-0000376,AST-2026-00000376,Atlas-T1,2025-11-28,ORD-0000272,ACCT-000082,active,baseline
ASSET-0000377,AST-2026-00000377,Atlas-T2,2025-06-02,ORD-0000273,ACCT-000082,active,baseline
ASSET-0000378,AST-2026-00000378,Atlas-T1,2024-08-18,ORD-0000274,ACCT-000341,active,baseline
ASSET-0000379,AST-2026-00000379,Beacon-Pro,2025-04-15,ORD-0000275,ACCT-000318,active,baseline
ASSET-0000380,AST-2026-00000380,Courier-X,2026-01-02,ORD-0000276,ACCT-000318,shipped,baseline
ASSET-0000381,AST-2026-00000381,Atlas-T1,2026-01-14,ORD-0000277,ACCT-000208,active,baseline
ASSET-0000382,AST-2026-00000382,Courier-X,2026-02-04,ORD-0000278,ACCT-000311,active,baseline
ASSET-0000383,AST-2026-00000383,Beacon-Pro,2025-04-26,ORD-0000279,ACCT-000311,active,baseline
ASSET-0000384,AST-2026-00000384,Beacon-Pro,2025-11-06,ORD-0000280,ACCT-000172,transferred,watchlisted_reseller_cluster
ASSET-0000385,AST-2026-00000385,Beacon-Mini,2025-12-15,ORD-0000281,ACCT-000264,transferred,watchlisted_reseller_cluster
ASSET-0000386,AST-2026-00000386,Atlas-T2,2025-06-19,ORD-0000282,ACCT-000171,transferred,watchlisted_reseller_cluster
ASSET-0000387,AST-2026-00000387,Atlas-T1,2025-06-17,ORD-0000283,ACCT-000075,active,support_script_cluster
ASSET-0000388,AST-2026-00000388,Atlas-T2,2025-03-10,ORD-0000284,ACCT-000075,active,support_script_cluster
ASSET-0000389,AST-2026-00000389,Courier-X,2025-04-29,ORD-0000285,ACCT-000231,active,baseline
ASSET-0000390,AST-2026-00000390,Courier-X,2025-01-21,ORD-0000286,ACCT-000231,active,baseline
ASSET-0000391,AST-2026-00000391,Atlas-T1,2025-09-20,ORD-0000287,ACCT-000282,transferred,rapid_transfer_cluster
ASSET-0000392,AST-2026-00000392,Beacon-Pro,2025-10-01,ORD-0000288,ACCT-000201,transferred,rapid_transfer_cluster
ASSET-0000393,AST-2026-00000393,Beacon-Mini,2024-12-13,ORD-0000289,ACCT-000170,shipped,baseline
ASSET-0000394,AST-2026-00000394,Beacon-Pro,2025-06-12,ORD-0000290,ACCT-000170,active,baseline
ASSET-0000395,AST-2026-00000395,Courier-X,2025-03-14,ORD-0000291,ACCT-000170,active,baseline
ASSET-0000396,AST-2026-00000396,Beacon-Mini,2025-11-10,ORD-0000292,ACCT-000112,active,baseline
ASSET-0000397,AST-2026-00000397,Courier-X,2026-01-07,ORD-0000293,ACCT-000228,active,baseline
ASSET-0000398,AST-2026-00000398,Courier-X,2025-03-02,ORD-0000293,ACCT-000228,shipped,baseline
ASSET-0000399,AST-2026-00000399,Beacon-Mini,2025-07-10,ORD-0000294,ACCT-000146,active,baseline
ASSET-0000400,AST-2026-00000400,Courier-X,2024-02-24,ORD-0000295,ACCT-000152,active,baseline
ASSET-0000401,AST-2026-00000401,Atlas-T2,2025-06-04,ORD-0000296,ACCT-000020,active,shared_shipping_gamma
ASSET-0000402,AST-2026-00000402,Beacon-Pro,2025-01-12,ORD-0000297,ACCT-000020,shipped,shared_shipping_gamma
ASSET-0000403,AST-2026-00000403,Atlas-T1,2025-05-15,ORD-0000298,ACCT-000259,active,baseline
ASSET-0000404,AST-2026-00000404,Beacon-Mini,2025-03-06,ORD-0000298,ACCT-000259,active,baseline
ASSET-0000405,AST-2026-00000405,Beacon-Mini,2025-10-02,ORD-0000299,ACCT-000287,active,baseline
ASSET-0000406,AST-2026-00000406,Beacon-Mini,2025-04-21,ORD-0000300,ACCT-000287,active,baseline
ASSET-0000407,AST-2026-00000407,Atlas-T1,2025-12-22,ORD-0000300,ACCT-000287,active,baseline
ASSET-0000408,AST-2026-00000408,Atlas-T1,2025-03-21,ORD-0000301,ACCT-000183,transferred,rapid_transfer_cluster
ASSET-0000409,AST-2026-00000409,Beacon-Mini,2025-04-29,ORD-0000302,ACCT-000037,transferred,rapid_transfer_cluster
ASSET-0000410,AST-2026-00000410,Atlas-T1,2025-01-27,ORD-0000303,ACCT-000130,active,baseline
ASSET-0000411,AST-2026-00000411,Atlas-T1,2025-08-19,ORD-0000303,ACCT-000358,transferred,baseline
ASSET-0000412,AST-2026-00000412,Atlas-T2,2025-01-22,ORD-0000304,ACCT-000130,active,baseline
ASSET-0000413,AST-2026-00000413,Beacon-Pro,2024-12-31,ORD-0000305,ACCT-000025,shipped,bulk_order_burst
ASSET-0000414,AST-2026-00000414,Courier-X,2025-02-28,ORD-0000305,ACCT-000025,active,bulk_order_burst
ASSET-0000415,AST-2026-00000415,Beacon-Pro,2024-05-15,ORD-0000306,ACCT-000025,active,bulk_order_burst
ASSET-0000416,AST-2026-00000416,Atlas-T2,2024-08-03,ORD-0000306,ACCT-000025,active,bulk_order_burst
ASSET-0000417,AST-2026-00000417,Atlas-T2,2024-11-14,ORD-0000306,ACCT-000025,active,bulk_order_burst
ASSET-0000418,AST-2026-00000418,Courier-X,2024-12-21,ORD-0000307,ACCT-000025,active,bulk_order_burst
ASSET-0000419,AST-2026-00000419,Atlas-T1,2024-11-10,ORD-0000307,ACCT-000025,active,bulk_order_burst
ASSET-0000420,AST-2026-00000420,Beacon-Mini,2024-12-25,ORD-0000307,ACCT-000025,active,bulk_order_burst
ASSET-0000421,AST-2026-00000421,Atlas-T1,2024-06-03,ORD-0000308,ACCT-000025,active,bulk_order_burst
ASSET-0000422,AST-2026-00000422,Atlas-T2,2025-02-08,ORD-0000308,ACCT-000025,active,bulk_order_burst
ASSET-0000423,AST-2026-00000423,Courier-X,2024-12-22,ORD-0000308,ACCT-000025,active,bulk_order_burst
ASSET-0000424,AST-2026-00000424,Beacon-Mini,2025-01-08,ORD-0000309,ACCT-000025,active,bulk_order_burst
ASSET-0000425,AST-2026-00000425,Beacon-Pro,2025-01-26,ORD-0000309,ACCT-000025,active,bulk_order_burst
ASSET-0000426,AST-2026-00000426,Atlas-T1,2024-08-18,ORD-0000309,ACCT-000025,active,bulk_order_burst
ASSET-0000427,AST-2026-00000427,Courier-X,2025-07-06,ORD-0000310,ACCT-000149,active,baseline
ASSET-0000428,AST-2026-00000428,Beacon-Pro,2024-11-21,ORD-0000311,ACCT-000022,active,shared_shipping_gamma
ASSET-0000429,AST-2026-00000429,Beacon-Pro,2025-05-16,ORD-0000311,ACCT-000022,active,shared_shipping_gamma
ASSET-0000430,AST-2026-00000430,Atlas-T2,2025-01-02,ORD-0000312,ACCT-000192,shipped,baseline
ASSET-0000431,AST-2026-00000431,Atlas-T2,2025-03-13,ORD-0000313,ACCT-000192,active,baseline
ASSET-0000432,AST-2026-00000432,Beacon-Pro,2025-12-03,ORD-0000314,ACCT-000118,active,baseline
ASSET-0000433,AST-2026-00000433,Beacon-Mini,2025-05-01,ORD-0000314,ACCT-000118,active,baseline
ASSET-0000434,AST-2026-00000434,Beacon-Mini,2025-12-14,ORD-0000314,ACCT-000118,active,baseline
ASSET-0000435,AST-2026-00000435,Beacon-Mini,2025-03-29,ORD-0000315,ACCT-000118,active,baseline
ASSET-0000436,AST-2026-00000436,Atlas-T2,2024-08-02,ORD-0000316,ACCT-000096,active,baseline
ASSET-0000437,AST-2026-00000437,Atlas-T2,2024-05-25,ORD-0000317,ACCT-000180,active,baseline
ASSET-0000438,AST-2026-00000438,Beacon-Pro,2025-04-30,ORD-0000318,ACCT-000180,shipped,baseline
ASSET-0000439,AST-2026-00000439,Beacon-Mini,2024-09-03,ORD-0000318,ACCT-000180,active,baseline
ASSET-0000440,AST-2026-00000440,Beacon-Pro,2025-01-25,ORD-0000319,ACCT-000106,active,baseline
ASSET-0000441,AST-2026-00000441,Atlas-T2,2025-08-27,ORD-0000319,ACCT-000106,active,baseline
ASSET-0000442,AST-2026-00000442,Beacon-Mini,2025-02-25,ORD-0000319,ACCT-000299,transferred,baseline
ASSET-0000443,AST-2026-00000443,Courier-X,2025-08-24,ORD-0000320,ACCT-000106,active,baseline
ASSET-0000444,AST-2026-00000444,Beacon-Pro,2025-11-17,ORD-0000320,ACCT-000106,active,baseline
ASSET-0000445,AST-2026-00000445,Atlas-T1,2025-06-07,ORD-0000320,ACCT-000106,active,baseline
ASSET-0000446,AST-2026-00000446,Beacon-Pro,2025-09-28,ORD-0000321,ACCT-000106,active,baseline
ASSET-0000447,AST-2026-00000447,Atlas-T1,2025-03-04,ORD-0000322,ACCT-000134,shipped,baseline
ASSET-0000448,AST-2026-00000448,Atlas-T1,2025-09-04,ORD-0000323,ACCT-000217,active,baseline
ASSET-0000449,AST-2026-00000449,Courier-X,2025-05-26,ORD-0000324,ACCT-000217,shipped,baseline
ASSET-0000450,AST-2026-00000450,Beacon-Mini,2025-10-12,ORD-0000324,ACCT-000217,active,baseline
ASSET-0000451,AST-2026-00000451,Atlas-T2,2025-05-12,ORD-0000325,ACCT-000277,active,baseline
ASSET-0000452,AST-2026-00000452,Beacon-Mini,2025-08-02,ORD-0000325,ACCT-000277,active,baseline
ASSET-0000453,AST-2026-00000453,Atlas-T2,2025-08-24,ORD-0000326,ACCT-000277,shipped,baseline
ASSET-0000454,AST-2026-00000454,Beacon-Pro,2025-10-09,ORD-0000327,ACCT-000072,active,support_script_cluster
ASSET-0000455,AST-2026-00000455,Atlas-T1,2024-12-05,ORD-0000328,ACCT-000183,active,baseline
ASSET-0000456,AST-2026-00000456,Atlas-T1,2025-07-24,ORD-0000329,ACCT-000183,active,baseline
ASSET-0000457,AST-2026-00000457,Beacon-Mini,2024-11-12,ORD-0000330,ACCT-000018,transferred,diversion_path_cluster
ASSET-0000458,AST-2026-00000458,Beacon-Mini,2025-07-04,ORD-0000331,ACCT-000153,transferred,diversion_path_cluster
ASSET-0000459,AST-2026-00000459,Courier-X,2025-12-30,ORD-0000331,ACCT-000311,transferred,diversion_path_cluster
ASSET-0000460,AST-2026-00000460,Atlas-T1,2025-10-17,ORD-0000332,ACCT-000282,active,baseline
ASSET-0000461,AST-2026-00000461,Atlas-T1,2025-10-27,ORD-0000333,ACCT-000108,active,baseline
ASSET-0000462,AST-2026-00000462,Beacon-Mini,2025-03-31,ORD-0000334,ACCT-000331,active,baseline
ASSET-0000463,AST-2026-00000463,Courier-X,2025-09-13,ORD-0000335,ACCT-000331,active,baseline
ASSET-0000464,AST-2026-00000464,Beacon-Pro,2025-10-02,ORD-0000336,ACCT-000331,active,baseline
ASSET-0000465,AST-2026-00000465,Courier-X,2025-03-25,ORD-0000337,ACCT-000331,active,baseline
ASSET-0000466,AST-2026-00000466,Atlas-T1,2025-04-26,ORD-0000338,ACCT-000136,active,baseline
ASSET-0000467,AST-2026-00000467,Atlas-T2,2025-10-13,ORD-0000339,ACCT-000309,active,baseline
ASSET-0000468,AST-2026-00000468,Beacon-Mini,2025-03-20,ORD-0000339,ACCT-000309,active,baseline
ASSET-0000469,AST-2026-00000469,Beacon-Mini,2025-09-19,ORD-0000339,ACCT-000309,active,baseline
ASSET-0000470,AST-2026-00000470,Beacon-Pro,2025-12-25,ORD-0000340,ACCT-000281,active,baseline
ASSET-0000471,AST-2026-00000471,Beacon-Pro,2025-12-18,ORD-0000341,ACCT-000281,active,baseline
ASSET-0000472,AST-2026-00000472,Beacon-Mini,2026-02-06,ORD-0000342,ACCT-000281,active,baseline
ASSET-0000473,AST-2026-00000473,Beacon-Pro,2025-06-17,ORD-0000343,ACCT-000281,shipped,baseline
ASSET-0000474,AST-2026-00000474,Atlas-T2,2025-02-20,ORD-0000344,ACCT-000079,active,baseline
ASSET-0000475,AST-2026-00000475,Atlas-T2,2025-08-24,ORD-0000345,ACCT-000298,active,baseline
ASSET-0000476,AST-2026-00000476,Courier-X,2024-10-30,ORD-0000346,ACCT-000305,shipped,baseline
ASSET-0000477,AST-2026-00000477,Beacon-Pro,2025-01-18,ORD-0000347,ACCT-000305,active,baseline
ASSET-0000478,AST-2026-00000478,Beacon-Pro,2025-08-26,ORD-0000347,ACCT-000305,active,baseline
ASSET-0000479,AST-2026-00000479,Atlas-T2,2025-03-11,ORD-0000347,ACCT-000305,active,baseline
ASSET-0000480,AST-2026-00000480,Beacon-Mini,2025-05-05,ORD-0000348,ACCT-000305,active,baseline
ASSET-0000481,AST-2026-00000481,Atlas-T2,2026-02-28,ORD-0000349,ACCT-000305,shipped,baseline
ASSET-0000482,AST-2026-00000482,Atlas-T2,2024-06-22,ORD-0000350,ACCT-000218,active,baseline
ASSET-0000483,AST-2026-00000483,Atlas-T1,2025-01-02,ORD-0000351,ACCT-000001,active,shared_payment_alpha
ASSET-0000484,AST-2026-00000484,Atlas-T2,2025-03-29,ORD-0000352,ACCT-000313,active,baseline
ASSET-0000485,AST-2026-00000485,Atlas-T2,2025-12-19,ORD-0000353,ACCT-000244,active,baseline
ASSET-0000486,AST-2026-00000486,Atlas-T1,2025-09-26,ORD-0000354,ACCT-000003,shipped,shared_payment_alpha
ASSET-0000487,AST-2026-00000487,Courier-X,2025-02-25,ORD-0000355,ACCT-000225,active,baseline
ASSET-0000488,AST-2026-00000488,Beacon-Mini,2024-08-29,ORD-0000356,ACCT-000225,active,baseline
ASSET-0000489,AST-2026-00000489,Atlas-T2,2025-03-18,ORD-0000357,ACCT-000339,shipped,baseline
ASSET-0000490,AST-2026-00000490,Beacon-Pro,2025-07-07,ORD-0000358,ACCT-000163,active,baseline
ASSET-0000491,AST-2026-00000491,Atlas-T2,2025-08-29,ORD-0000359,ACCT-000089,active,baseline
ASSET-0000492,AST-2026-00000492,Beacon-Pro,2025-05-17,ORD-0000360,ACCT-000089,active,baseline
ASSET-0000493,AST-2026-00000493,Courier-X,2025-03-06,ORD-0000361,ACCT-000089,active,baseline
ASSET-0000494,AST-2026-00000494,Atlas-T2,2025-11-04,ORD-0000362,ACCT-000089,active,baseline
ASSET-0000495,AST-2026-00000495,Beacon-Mini,2024-05-12,ORD-0000363,ACCT-000286,active,baseline
ASSET-0000496,AST-2026-00000496,Courier-X,2025-03-21,ORD-0000364,ACCT-000307,shipped,baseline
ASSET-0000497,AST-2026-00000497,Courier-X,2025-08-12,ORD-0000364,ACCT-000307,active,baseline
ASSET-0000498,AST-2026-00000498,Beacon-Pro,2025-02-02,ORD-0000364,ACCT-000307,active,baseline
ASSET-0000499,AST-2026-00000499,Atlas-T2,2025-11-28,ORD-0000365,ACCT-000307,active,baseline
ASSET-0000500,AST-2026-00000500,Beacon-Pro,2024-10-19,ORD-0000366,ACCT-000302,active,baseline
ASSET-0000501,AST-2026-00000501,Atlas-T1,2025-02-10,ORD-0000367,ACCT-000302,active,baseline
ASSET-0000502,AST-2026-00000502,Atlas-T2,2026-01-13,ORD-0000368,ACCT-000302,active,baseline
ASSET-0000503,AST-2026-00000503,Atlas-T2,2025-12-08,ORD-0000368,ACCT-000302,active,baseline
ASSET-0000504,AST-2026-00000504,Courier-X,2026-01-04,ORD-0000368,ACCT-000302,active,baseline
ASSET-0000505,AST-2026-00000505,Atlas-T1,2024-01-18,ORD-0000369,ACCT-000105,active,baseline
ASSET-0000506,AST-2026-00000506,Beacon-Pro,2025-03-26,ORD-0000370,ACCT-000105,active,baseline
ASSET-0000507,AST-2026-00000507,Beacon-Mini,2025-03-17,ORD-0000371,ACCT-000105,active,baseline
ASSET-0000508,AST-2026-00000508,Beacon-Mini,2024-11-20,ORD-0000372,ACCT-000274,shipped,baseline
ASSET-0000509,AST-2026-00000509,Beacon-Pro,2025-03-25,ORD-0000372,ACCT-000274,active,baseline
ASSET-0000510,AST-2026-00000510,Courier-X,2025-04-01,ORD-0000373,ACCT-000004,active,shared_payment_alpha
ASSET-0000511,AST-2026-00000511,Beacon-Pro,2024-12-31,ORD-0000373,ACCT-000004,active,shared_payment_alpha
ASSET-0000512,AST-2026-00000512,Atlas-T1,2025-09-19,ORD-0000373,ACCT-000004,shipped,shared_payment_alpha
ASSET-0000513,AST-2026-00000513,Atlas-T1,2025-10-28,ORD-0000374,ACCT-000078,shipped,baseline
ASSET-0000514,AST-2026-00000514,Atlas-T1,2025-03-25,ORD-0000375,ACCT-000078,active,baseline
ASSET-0000515,AST-2026-00000515,Beacon-Pro,2025-06-02,ORD-0000376,ACCT-000078,active,baseline
ASSET-0000516,AST-2026-00000516,Atlas-T1,2025-11-17,ORD-0000377,ACCT-000301,active,baseline
ASSET-0000517,AST-2026-00000517,Atlas-T2,2025-06-18,ORD-0000378,ACCT-000301,active,baseline
ASSET-0000518,AST-2026-00000518,Beacon-Pro,2025-10-04,ORD-0000378,ACCT-000301,active,baseline
ASSET-0000519,AST-2026-00000519,Beacon-Pro,2024-10-22,ORD-0000379,ACCT-000101,active,baseline
ASSET-0000520,AST-2026-00000520,Atlas-T1,2025-04-24,ORD-0000380,ACCT-000267,shipped,baseline
ASSET-0000521,AST-2026-00000521,Beacon-Mini,2026-02-01,ORD-0000381,ACCT-000238,active,baseline
ASSET-0000522,AST-2026-00000522,Beacon-Pro,2025-04-12,ORD-0000382,ACCT-000125,active,baseline
ASSET-0000523,AST-2026-00000523,Atlas-T1,2025-09-14,ORD-0000382,ACCT-000125,active,baseline
ASSET-0000524,AST-2026-00000524,Beacon-Mini,2025-08-31,ORD-0000383,ACCT-000125,active,baseline
ASSET-0000525,AST-2026-00000525,Beacon-Mini,2025-09-08,ORD-0000384,ACCT-000156,active,baseline
ASSET-0000526,AST-2026-00000526,Atlas-T2,2025-06-22,ORD-0000384,ACCT-000156,active,baseline
ASSET-0000527,AST-2026-00000527,Beacon-Mini,2025-03-30,ORD-0000384,ACCT-000156,active,baseline
ASSET-0000528,AST-2026-00000528,Courier-X,2024-11-20,ORD-0000385,ACCT-000150,active,baseline
ASSET-0000529,AST-2026-00000529,Atlas-T1,2025-03-08,ORD-0000386,ACCT-000150,active,baseline
ASSET-0000530,AST-2026-00000530,Beacon-Mini,2025-12-09,ORD-0000386,ACCT-000150,active,baseline
ASSET-0000531,AST-2026-00000531,Atlas-T1,2025-12-01,ORD-0000387,ACCT-000150,active,baseline
ASSET-0000532,AST-2026-00000532,Atlas-T2,2025-04-03,ORD-0000388,ACCT-000351,active,baseline
ASSET-0000533,AST-2026-00000533,Beacon-Pro,2025-05-04,ORD-0000389,ACCT-000005,active,shared_payment_alpha
ASSET-0000534,AST-2026-00000534,Atlas-T2,2025-05-06,ORD-0000390,ACCT-000005,active,shared_payment_alpha
ASSET-0000535,AST-2026-00000535,Atlas-T2,2025-06-23,ORD-0000390,ACCT-000005,active,shared_payment_alpha
ASSET-0000536,AST-2026-00000536,Courier-X,2025-05-04,ORD-0000391,ACCT-000005,active,shared_payment_alpha
ASSET-0000537,AST-2026-00000537,Beacon-Pro,2025-03-21,ORD-0000392,ACCT-000005,shipped,shared_payment_alpha
ASSET-0000538,AST-2026-00000538,Beacon-Mini,2025-01-22,ORD-0000393,ACCT-000319,shipped,baseline
ASSET-0000539,AST-2026-00000539,Atlas-T1,2024-07-21,ORD-0000393,ACCT-000319,active,baseline
ASSET-0000540,AST-2026-00000540,Beacon-Pro,2024-08-30,ORD-0000394,ACCT-000319,active,baseline
ASSET-0000541,AST-2026-00000541,Beacon-Pro,2025-03-10,ORD-0000395,ACCT-000319,shipped,baseline
ASSET-0000542,AST-2026-00000542,Courier-X,2024-02-02,ORD-0000396,ACCT-000356,active,baseline
ASSET-0000543,AST-2026-00000543,Beacon-Pro,2024-05-25,ORD-0000397,ACCT-000356,shipped,baseline
ASSET-0000544,AST-2026-00000544,Beacon-Pro,2024-09-05,ORD-0000397,ACCT-000356,active,baseline
ASSET-0000545,AST-2026-00000545,Atlas-T1,2025-04-29,ORD-0000398,ACCT-000082,transferred,baseline
ASSET-0000546,AST-2026-00000546,Beacon-Pro,2025-03-13,ORD-0000399,ACCT-000160,active,baseline
ASSET-0000547,AST-2026-00000547,Beacon-Mini,2024-07-14,ORD-0000400,ACCT-000145,shipped,baseline
ASSET-0000548,AST-2026-00000548,Atlas-T1,2025-04-25,ORD-0000401,ACCT-000239,active,baseline
ASSET-0000549,AST-2026-00000549,Atlas-T1,2024-08-17,ORD-0000402,ACCT-000058,active,diversion_path_cluster
ASSET-0000550,AST-2026-00000550,Beacon-Pro,2025-08-19,ORD-0000403,ACCT-000338,active,diversion_path_cluster
ASSET-0000551,AST-2026-00000551,Beacon-Mini,2025-03-08,ORD-0000403,ACCT-000095,active,diversion_path_cluster
ASSET-0000552,AST-2026-00000552,Atlas-T2,2024-11-23,ORD-0000404,ACCT-000275,transferred,diversion_path_cluster
ASSET-0000553,AST-2026-00000553,Atlas-T2,2025-05-10,ORD-0000404,ACCT-000091,transferred,diversion_path_cluster
ASSET-0000554,AST-2026-00000554,Atlas-T1,2025-04-14,ORD-0000405,ACCT-000206,shipped,baseline
ASSET-0000555,AST-2026-00000555,Atlas-T2,2026-01-18,ORD-0000406,ACCT-000206,active,baseline
ASSET-0000556,AST-2026-00000556,Atlas-T1,2025-04-16,ORD-0000407,ACCT-000206,active,baseline
ASSET-0000557,AST-2026-00000557,Atlas-T1,2024-12-29,ORD-0000408,ACCT-000300,active,baseline
ASSET-0000558,AST-2026-00000558,Courier-X,2024-12-25,ORD-0000409,ACCT-000347,active,baseline
ASSET-0000559,AST-2026-00000559,Atlas-T1,2025-10-23,ORD-0000410,ACCT-000352,active,baseline
ASSET-0000560,AST-2026-00000560,Beacon-Pro,2025-02-26,ORD-0000411,ACCT-000352,active,baseline
ASSET-0000561,AST-2026-00000561,Beacon-Mini,2025-05-12,ORD-0000412,ACCT-000295,shipped,baseline
ASSET-0000562,AST-2026-00000562,Atlas-T1,2024-08-30,ORD-0000412,ACCT-000295,active,baseline
ASSET-0000563,AST-2026-00000563,Courier-X,2025-03-02,ORD-0000412,ACCT-000295,active,baseline
ASSET-0000564,AST-2026-00000564,Beacon-Pro,2024-10-23,ORD-0000412,ACCT-000295,active,baseline
ASSET-0000565,AST-2026-00000565,Beacon-Pro,2026-02-08,ORD-0000413,ACCT-000027,active,bulk_order_burst
ASSET-0000566,AST-2026-00000566,Beacon-Pro,2025-12-12,ORD-0000413,ACCT-000027,active,bulk_order_burst
ASSET-0000567,AST-2026-00000567,Beacon-Mini,2025-10-09,ORD-0000413,ACCT-000027,active,bulk_order_burst
ASSET-0000568,AST-2026-00000568,Beacon-Mini,2025-11-26,ORD-0000413,ACCT-000027,active,bulk_order_burst
ASSET-0000569,AST-2026-00000569,Atlas-T1,2025-05-27,ORD-0000414,ACCT-000027,active,bulk_order_burst
ASSET-0000570,AST-2026-00000570,Beacon-Mini,2025-12-13,ORD-0000414,ACCT-000027,active,bulk_order_burst
ASSET-0000571,AST-2026-00000571,Beacon-Mini,2026-02-03,ORD-0000414,ACCT-000027,active,bulk_order_burst
ASSET-0000572,AST-2026-00000572,Beacon-Pro,2026-02-19,ORD-0000414,ACCT-000027,active,bulk_order_burst
ASSET-0000573,AST-2026-00000573,Courier-X,2025-07-09,ORD-0000415,ACCT-000027,active,bulk_order_burst
ASSET-0000574,AST-2026-00000574,Atlas-T1,2026-02-19,ORD-0000415,ACCT-000027,active,bulk_order_burst
ASSET-0000575,AST-2026-00000575,Beacon-Pro,2025-05-05,ORD-0000415,ACCT-000027,active,bulk_order_burst
ASSET-0000576,AST-2026-00000576,Courier-X,2025-03-23,ORD-0000416,ACCT-000027,active,bulk_order_burst
ASSET-0000577,AST-2026-00000577,Beacon-Pro,2025-05-05,ORD-0000416,ACCT-000027,active,bulk_order_burst
ASSET-0000578,AST-2026-00000578,Beacon-Mini,2025-12-14,ORD-0000416,ACCT-000027,shipped,bulk_order_burst
ASSET-0000579,AST-2026-00000579,Atlas-T2,2026-02-08,ORD-0000417,ACCT-000027,active,bulk_order_burst
ASSET-0000580,AST-2026-00000580,Atlas-T2,2025-07-12,ORD-0000417,ACCT-000027,active,bulk_order_burst
ASSET-0000581,AST-2026-00000581,Courier-X,2025-11-23,ORD-0000417,ACCT-000027,active,bulk_order_burst
ASSET-0000582,AST-2026-00000582,Beacon-Pro,2025-09-29,ORD-0000417,ACCT-000027,shipped,bulk_order_burst
ASSET-0000583,AST-2026-00000583,Beacon-Pro,2025-11-08,ORD-0000417,ACCT-000027,active,bulk_order_burst
ASSET-0000584,AST-2026-00000584,Atlas-T2,2025-08-21,ORD-0000418,ACCT-000027,active,bulk_order_burst
ASSET-0000585,AST-2026-00000585,Beacon-Pro,2025-03-05,ORD-0000418,ACCT-000027,active,bulk_order_burst
ASSET-0000586,AST-2026-00000586,Courier-X,2025-05-03,ORD-0000418,ACCT-000027,shipped,bulk_order_burst
ASSET-0000587,AST-2026-00000587,Atlas-T2,2025-06-23,ORD-0000418,ACCT-000027,active,bulk_order_burst
ASSET-0000588,AST-2026-00000588,Beacon-Mini,2025-10-29,ORD-0000418,ACCT-000027,active,bulk_order_burst
ASSET-0000589,AST-2026-00000589,Beacon-Pro,2026-03-15,ORD-0000419,ACCT-000027,active,bulk_order_burst
ASSET-0000590,AST-2026-00000590,Courier-X,2025-05-04,ORD-0000419,ACCT-000027,active,bulk_order_burst
ASSET-0000591,AST-2026-00000591,Beacon-Pro,2026-03-12,ORD-0000419,ACCT-000027,active,bulk_order_burst
ASSET-0000592,AST-2026-00000592,Atlas-T1,2025-10-14,ORD-0000419,ACCT-000027,active,bulk_order_burst
ASSET-0000593,AST-2026-00000593,Courier-X,2025-07-05,ORD-0000419,ACCT-000027,active,bulk_order_burst
ASSET-0000594,AST-2026-00000594,Beacon-Pro,2024-05-07,ORD-0000420,ACCT-000258,active,baseline
ASSET-0000595,AST-2026-00000595,Courier-X,2025-06-12,ORD-0000421,ACCT-000345,active,baseline
ASSET-0000596,AST-2026-00000596,Beacon-Mini,2024-08-25,ORD-0000422,ACCT-000334,active,baseline
ASSET-0000597,AST-2026-00000597,Beacon-Pro,2025-01-17,ORD-0000422,ACCT-000334,shipped,baseline
ASSET-0000598,AST-2026-00000598,Courier-X,2025-05-21,ORD-0000423,ACCT-000321,active,baseline
ASSET-0000599,AST-2026-00000599,Atlas-T1,2025-03-17,ORD-0000423,ACCT-000321,active,baseline
ASSET-0000600,AST-2026-00000600,Atlas-T1,2025-11-26,ORD-0000424,ACCT-000139,active,baseline
ASSET-0000601,AST-2026-00000601,Atlas-T1,2025-09-19,ORD-0000425,ACCT-000164,active,baseline
ASSET-0000602,AST-2026-00000602,Beacon-Mini,2025-07-01,ORD-0000426,ACCT-000214,active,baseline
ASSET-0000603,AST-2026-00000603,Atlas-T1,2024-12-08,ORD-0000427,ACCT-000214,active,baseline
ASSET-0000604,AST-2026-00000604,Beacon-Pro,2025-09-25,ORD-0000428,ACCT-000214,active,baseline
ASSET-0000605,AST-2026-00000605,Atlas-T2,2025-09-30,ORD-0000429,ACCT-000165,active,baseline
ASSET-0000606,AST-2026-00000606,Beacon-Mini,2025-03-24,ORD-0000430,ACCT-000115,active,baseline
ASSET-0000607,AST-2026-00000607,Beacon-Pro,2024-11-04,ORD-0000431,ACCT-000115,active,baseline
ASSET-0000608,AST-2026-00000608,Courier-X,2025-01-14,ORD-0000431,ACCT-000115,active,baseline
ASSET-0000609,AST-2026-00000609,Beacon-Pro,2025-11-15,ORD-0000432,ACCT-000215,active,baseline
ASSET-0000610,AST-2026-00000610,Atlas-T1,2025-01-08,ORD-0000433,ACCT-000284,active,baseline
ASSET-0000611,AST-2026-00000611,Atlas-T2,2025-02-20,ORD-0000433,ACCT-000284,active,baseline
ASSET-0000612,AST-2026-00000612,Beacon-Pro,2025-02-06,ORD-0000434,ACCT-000284,active,baseline
ASSET-0000613,AST-2026-00000613,Courier-X,2024-12-02,ORD-0000435,ACCT-000077,active,baseline
ASSET-0000614,AST-2026-00000614,Courier-X,2026-01-20,ORD-0000436,ACCT-000197,active,baseline
ASSET-0000615,AST-2026-00000615,Beacon-Mini,2025-10-27,ORD-0000437,ACCT-000187,active,baseline
ASSET-0000616,AST-2026-00000616,Courier-X,2025-06-25,ORD-0000437,ACCT-000187,active,baseline
ASSET-0000617,AST-2026-00000617,Atlas-T1,2025-12-31,ORD-0000437,ACCT-000187,active,baseline
ASSET-0000618,AST-2026-00000618,Beacon-Pro,2025-08-09,ORD-0000438,ACCT-000242,active,baseline
ASSET-0000619,AST-2026-00000619,Atlas-T1,2025-02-03,ORD-0000439,ACCT-000024,active,bulk_order_burst
ASSET-0000620,AST-2026-00000620,Beacon-Pro,2025-07-10,ORD-0000439,ACCT-000024,active,bulk_order_burst
ASSET-0000621,AST-2026-00000621,Beacon-Mini,2025-11-08,ORD-0000439,ACCT-000024,active,bulk_order_burst
ASSET-0000622,AST-2026-00000622,Beacon-Pro,2025-12-13,ORD-0000440,ACCT-000024,active,bulk_order_burst
ASSET-0000623,AST-2026-00000623,Atlas-T2,2025-09-19,ORD-0000440,ACCT-000024,active,bulk_order_burst
ASSET-0000624,AST-2026-00000624,Beacon-Mini,2025-09-15,ORD-0000441,ACCT-000024,active,bulk_order_burst
ASSET-0000625,AST-2026-00000625,Courier-X,2025-09-06,ORD-0000441,ACCT-000024,active,bulk_order_burst
ASSET-0000626,AST-2026-00000626,Beacon-Mini,2025-06-13,ORD-0000441,ACCT-000024,active,bulk_order_burst
ASSET-0000627,AST-2026-00000627,Beacon-Pro,2025-02-24,ORD-0000442,ACCT-000024,shipped,bulk_order_burst
ASSET-0000628,AST-2026-00000628,Beacon-Pro,2026-02-06,ORD-0000442,ACCT-000024,active,bulk_order_burst
ASSET-0000629,AST-2026-00000629,Atlas-T2,2026-01-25,ORD-0000443,ACCT-000024,active,bulk_order_burst
ASSET-0000630,AST-2026-00000630,Atlas-T1,2025-09-13,ORD-0000443,ACCT-000024,shipped,bulk_order_burst
ASSET-0000631,AST-2026-00000631,Beacon-Mini,2025-04-11,ORD-0000443,ACCT-000024,active,bulk_order_burst
ASSET-0000632,AST-2026-00000632,Courier-X,2025-08-26,ORD-0000443,ACCT-000024,active,bulk_order_burst
ASSET-0000633,AST-2026-00000633,Beacon-Pro,2025-05-09,ORD-0000443,ACCT-000024,active,bulk_order_burst
ASSET-0000634,AST-2026-00000634,Atlas-T2,2025-10-18,ORD-0000444,ACCT-000024,active,bulk_order_burst
ASSET-0000635,AST-2026-00000635,Beacon-Mini,2025-05-15,ORD-0000444,ACCT-000024,active,bulk_order_burst
ASSET-0000636,AST-2026-00000636,Beacon-Mini,2025-03-16,ORD-0000444,ACCT-000024,active,bulk_order_burst
ASSET-0000637,AST-2026-00000637,Atlas-T2,2025-10-04,ORD-0000444,ACCT-000024,active,bulk_order_burst
ASSET-0000638,AST-2026-00000638,Beacon-Mini,2025-06-01,ORD-0000445,ACCT-000357,active,baseline
ASSET-0000639,AST-2026-00000639,Atlas-T1,2024-11-13,ORD-0000446,ACCT-000344,active,baseline
ASSET-0000640,AST-2026-00000640,Courier-X,2024-09-06,ORD-0000447,ACCT-000023,active,bulk_order_burst
ASSET-0000641,AST-2026-00000641,Atlas-T1,2024-12-08,ORD-0000447,ACCT-000023,active,bulk_order_burst
ASSET-0000642,AST-2026-00000642,Beacon-Pro,2024-08-12,ORD-0000447,ACCT-000023,active,bulk_order_burst
ASSET-0000643,AST-2026-00000643,Atlas-T2,2024-09-24,ORD-0000447,ACCT-000023,active,bulk_order_burst
ASSET-0000644,AST-2026-00000644,Courier-X,2024-06-03,ORD-0000447,ACCT-000023,shipped,bulk_order_burst
ASSET-0000645,AST-2026-00000645,Atlas-T1,2024-03-24,ORD-0000448,ACCT-000023,active,bulk_order_burst
ASSET-0000646,AST-2026-00000646,Courier-X,2024-07-20,ORD-0000448,ACCT-000023,active,bulk_order_burst
ASSET-0000647,AST-2026-00000647,Atlas-T2,2024-09-22,ORD-0000449,ACCT-000023,active,bulk_order_burst
ASSET-0000648,AST-2026-00000648,Atlas-T2,2024-03-02,ORD-0000449,ACCT-000023,active,bulk_order_burst
ASSET-0000649,AST-2026-00000649,Beacon-Mini,2025-01-11,ORD-0000449,ACCT-000023,active,bulk_order_burst
ASSET-0000650,AST-2026-00000650,Courier-X,2024-12-17,ORD-0000449,ACCT-000023,active,bulk_order_burst
ASSET-0000651,AST-2026-00000651,Beacon-Mini,2024-10-09,ORD-0000449,ACCT-000023,active,bulk_order_burst
ASSET-0000652,AST-2026-00000652,Beacon-Mini,2024-07-20,ORD-0000450,ACCT-000023,active,bulk_order_burst
ASSET-0000653,AST-2026-00000653,Atlas-T1,2024-07-14,ORD-0000450,ACCT-000023,active,bulk_order_burst
ASSET-0000654,AST-2026-00000654,Atlas-T2,2024-08-22,ORD-0000450,ACCT-000023,active,bulk_order_burst
ASSET-0000655,AST-2026-00000655,Beacon-Pro,2024-08-22,ORD-0000451,ACCT-000023,active,bulk_order_burst
ASSET-0000656,AST-2026-00000656,Atlas-T2,2024-02-27,ORD-0000451,ACCT-000023,active,bulk_order_burst
ASSET-0000657,AST-2026-00000657,Atlas-T2,2025-10-21,ORD-0000452,ACCT-000002,active,shared_payment_alpha
ASSET-0000658,AST-2026-00000658,Atlas-T2,2024-11-06,ORD-0000453,ACCT-000261,active,baseline
ASSET-0000659,AST-2026-00000659,Courier-X,2025-10-02,ORD-0000454,ACCT-000117,active,baseline
ASSET-0000660,AST-2026-00000660,Beacon-Mini,2026-01-26,ORD-0000455,ACCT-000354,active,baseline
ASSET-0000661,AST-2026-00000661,Atlas-T2,2025-08-27,ORD-0000456,ACCT-000294,shipped,baseline
ASSET-0000662,AST-2026-00000662,Atlas-T2,2025-08-31,ORD-0000456,ACCT-000294,active,baseline
ASSET-0000663,AST-2026-00000663,Beacon-Mini,2025-05-27,ORD-0000457,ACCT-000053,shipped,abuse_report_cluster
ASSET-0000664,AST-2026-00000664,Atlas-T1,2025-04-02,ORD-0000457,ACCT-000053,active,abuse_report_cluster
ASSET-0000665,AST-2026-00000665,Beacon-Pro,2025-07-14,ORD-0000458,ACCT-000131,active,baseline
ASSET-0000666,AST-2026-00000666,Beacon-Mini,2025-07-31,ORD-0000459,ACCT-000081,active,baseline
ASSET-0000667,AST-2026-00000667,Beacon-Pro,2025-01-21,ORD-0000460,ACCT-000189,shipped,baseline
ASSET-0000668,AST-2026-00000668,Beacon-Mini,2025-07-20,ORD-0000461,ACCT-000335,active,baseline
ASSET-0000669,AST-2026-00000669,Beacon-Pro,2025-05-05,ORD-0000462,ACCT-000335,active,baseline
ASSET-0000670,AST-2026-00000670,Courier-X,2025-05-31,ORD-0000463,ACCT-000291,active,baseline
ASSET-0000671,AST-2026-00000671,Atlas-T1,2025-01-26,ORD-0000464,ACCT-000291,active,baseline
ASSET-0000672,AST-2026-00000672,Atlas-T2,2024-12-27,ORD-0000465,ACCT-000256,active,baseline
ASSET-0000673,AST-2026-00000673,Atlas-T2,2026-01-26,ORD-0000466,ACCT-000256,active,baseline
ASSET-0000674,AST-2026-00000674,Courier-X,2024-04-29,ORD-0000467,ACCT-000350,active,baseline
ASSET-0000675,AST-2026-00000675,Courier-X,2025-02-04,ORD-0000467,ACCT-000350,active,baseline
ASSET-0000676,AST-2026-00000676,Atlas-T1,2025-07-01,ORD-0000468,ACCT-000350,active,baseline
ASSET-0000677,AST-2026-00000677,Atlas-T1,2024-06-12,ORD-0000469,ACCT-000185,active,baseline
ASSET-0000678,AST-2026-00000678,Courier-X,2024-10-11,ORD-0000469,ACCT-000185,active,baseline
ASSET-0000679,AST-2026-00000679,Courier-X,2025-04-25,ORD-0000469,ACCT-000185,active,baseline
ASSET-0000680,AST-2026-00000680,Beacon-Pro,2024-08-01,ORD-0000469,ACCT-000185,active,baseline
ASSET-0000681,AST-2026-00000681,Atlas-T2,2025-08-23,ORD-0000470,ACCT-000262,active,baseline
ASSET-0000682,AST-2026-00000682,Atlas-T1,2025-03-24,ORD-0000471,ACCT-000234,active,baseline
ASSET-0000683,AST-2026-00000683,Beacon-Pro,2024-11-13,ORD-0000472,ACCT-000340,active,baseline
ASSET-0000684,AST-2026-00000684,Beacon-Pro,2025-05-16,ORD-0000473,ACCT-000114,active,diversion_path_cluster
ASSET-0000685,AST-2026-00000685,Courier-X,2025-11-23,ORD-0000474,ACCT-000261,transferred,diversion_path_cluster
ASSET-0000686,AST-2026-00000686,Atlas-T1,2025-06-29,ORD-0000475,ACCT-000322,active,baseline
ASSET-0000687,AST-2026-00000687,Courier-X,2024-10-21,ORD-0000476,ACCT-000322,active,baseline
ASSET-0000688,AST-2026-00000688,Beacon-Mini,2025-12-17,ORD-0000477,ACCT-000322,active,baseline
ASSET-0000689,AST-2026-00000689,Beacon-Pro,2025-01-11,ORD-0000477,ACCT-000322,active,baseline
ASSET-0000690,AST-2026-00000690,Beacon-Pro,2025-06-07,ORD-0000477,ACCT-000322,active,baseline
ASSET-0000691,AST-2026-00000691,Atlas-T1,2025-06-26,ORD-0000478,ACCT-000135,active,baseline
ASSET-0000692,AST-2026-00000692,Atlas-T1,2025-01-07,ORD-0000479,ACCT-000037,transferred,rapid_transfer_cluster
ASSET-0000693,AST-2026-00000693,Atlas-T1,2025-08-05,ORD-0000480,ACCT-000275,transferred,rapid_transfer_cluster
ASSET-0000694,AST-2026-00000694,Atlas-T2,2024-11-20,ORD-0000481,ACCT-000269,active,baseline
ASSET-0000695,AST-2026-00000695,Atlas-T1,2025-07-30,ORD-0000481,ACCT-000269,active,baseline
ASSET-0000696,AST-2026-00000696,Atlas-T2,2025-08-21,ORD-0000482,ACCT-000269,active,baseline
ASSET-0000697,AST-2026-00000697,Beacon-Mini,2026-01-23,ORD-0000483,ACCT-000140,active,baseline
ASSET-0000698,AST-2026-00000698,Beacon-Mini,2025-09-08,ORD-0000483,ACCT-000140,active,baseline
ASSET-0000699,AST-2026-00000699,Atlas-T2,2026-01-01,ORD-0000484,ACCT-000140,active,baseline
ASSET-0000700,AST-2026-00000700,Beacon-Mini,2025-03-25,ORD-0000484,ACCT-000140,active,baseline
ASSET-0000701,AST-2026-00000701,Atlas-T2,2025-01-28,ORD-0000484,ACCT-000140,active,baseline
ASSET-0000702,AST-2026-00000702,Beacon-Mini,2025-04-05,ORD-0000485,ACCT-000220,active,baseline
ASSET-0000703,AST-2026-00000703,Atlas-T2,2025-05-03,ORD-0000486,ACCT-000172,active,baseline
ASSET-0000704,AST-2026-00000704,Beacon-Mini,2025-11-04,ORD-0000486,ACCT-000172,active,baseline
ASSET-0000705,AST-2026-00000705,Atlas-T2,2025-03-08,ORD-0000487,ACCT-000061,active,watchlisted_reseller_cluster
ASSET-0000706,AST-2026-00000706,Atlas-T1,2024-11-16,ORD-0000488,ACCT-000138,active,baseline
ASSET-0000707,AST-2026-00000707,Atlas-T1,2024-04-17,ORD-0000488,ACCT-000138,active,baseline
ASSET-0000708,AST-2026-00000708,Beacon-Mini,2025-06-20,ORD-0000489,ACCT-000253,transferred,watchlisted_reseller_cluster
ASSET-0000709,AST-2026-00000709,Courier-X,2025-03-12,ORD-0000489,ACCT-000063,transferred,watchlisted_reseller_cluster
ASSET-0000710,AST-2026-00000710,Beacon-Mini,2025-11-29,ORD-0000490,ACCT-000355,transferred,watchlisted_reseller_cluster
ASSET-0000711,AST-2026-00000711,Atlas-T2,2024-12-31,ORD-0000491,ACCT-000086,active,baseline
ASSET-0000712,AST-2026-00000712,Beacon-Mini,2025-06-06,ORD-0000491,ACCT-000086,active,baseline
ASSET-0000713,AST-2026-00000713,Courier-X,2025-01-26,ORD-0000492,ACCT-000133,shipped,baseline
ASSET-0000714,AST-2026-00000714,Beacon-Pro,2025-01-31,ORD-0000493,ACCT-000265,active,baseline
ASSET-0000715,AST-2026-00000715,Beacon-Pro,2025-12-16,ORD-0000494,ACCT-000265,active,baseline
ASSET-0000716,AST-2026-00000716,Atlas-T2,2026-02-02,ORD-0000494,ACCT-000265,active,baseline
ASSET-0000717,AST-2026-00000717,Beacon-Pro,2025-03-11,ORD-0000494,ACCT-000265,active,baseline
ASSET-0000718,AST-2026-00000718,Beacon-Pro,2025-06-29,ORD-0000495,ACCT-000178,active,baseline
ASSET-0000719,AST-2026-00000719,Courier-X,2025-04-09,ORD-0000495,ACCT-000178,active,baseline
ASSET-0000720,AST-2026-00000720,Courier-X,2026-02-28,ORD-0000496,ACCT-000178,active,baseline
ASSET-0000721,AST-2026-00000721,Atlas-T1,2024-09-18,ORD-0000497,ACCT-000255,active,baseline
ASSET-0000722,AST-2026-00000722,Courier-X,2025-03-13,ORD-0000498,ACCT-000071,active,support_script_cluster
ASSET-0000723,AST-2026-00000723,Atlas-T2,2025-10-09,ORD-0000499,ACCT-000007,active,shared_payment_alpha
ASSET-0000724,AST-2026-00000724,Atlas-T1,2025-03-13,ORD-0000499,ACCT-000007,shipped,shared_payment_alpha
ASSET-0000725,AST-2026-00000725,Courier-X,2024-12-09,ORD-0000499,ACCT-000007,active,shared_payment_alpha
ASSET-0000726,AST-2026-00000726,Atlas-T2,2025-02-20,ORD-0000499,ACCT-000007,active,shared_payment_alpha
ASSET-0000727,AST-2026-00000727,Atlas-T2,2025-03-27,ORD-0000500,ACCT-000265,transferred,watchlisted_reseller_cluster
ASSET-0000728,AST-2026-00000728,Courier-X,2025-02-04,ORD-0000501,ACCT-000244,transferred,watchlisted_reseller_cluster
ASSET-0000729,AST-2026-00000729,Atlas-T1,2025-03-13,ORD-0000502,ACCT-000090,active,baseline
ASSET-0000730,AST-2026-00000730,Beacon-Pro,2025-03-10,ORD-0000503,ACCT-000090,active,baseline
ASSET-0000731,AST-2026-00000731,Atlas-T2,2025-08-14,ORD-0000504,ACCT-000337,active,baseline
ASSET-0000732,AST-2026-00000732,Beacon-Mini,2025-02-03,ORD-0000505,ACCT-000342,active,baseline
ASSET-0000733,AST-2026-00000733,Beacon-Pro,2024-12-18,ORD-0000505,ACCT-000342,active,baseline
ASSET-0000734,AST-2026-00000734,Beacon-Pro,2025-02-20,ORD-0000506,ACCT-000342,active,baseline
ASSET-0000735,AST-2026-00000735,Courier-X,2025-11-11,ORD-0000506,ACCT-000342,active,baseline
ASSET-0000736,AST-2026-00000736,Courier-X,2026-02-05,ORD-0000507,ACCT-000342,active,baseline
ASSET-0000737,AST-2026-00000737,Atlas-T1,2025-10-28,ORD-0000508,ACCT-000342,active,baseline
ASSET-0000738,AST-2026-00000738,Beacon-Pro,2025-05-23,ORD-0000508,ACCT-000342,shipped,baseline
ASSET-0000739,AST-2026-00000739,Atlas-T1,2025-08-14,ORD-0000509,ACCT-000159,active,baseline
ASSET-0000740,AST-2026-00000740,Beacon-Mini,2025-02-17,ORD-0000509,ACCT-000159,active,baseline
ASSET-0000741,AST-2026-00000741,Courier-X,2025-01-30,ORD-0000510,ACCT-000134,transferred,rapid_transfer_cluster
ASSET-0000742,AST-2026-00000742,Beacon-Pro,2025-07-28,ORD-0000510,ACCT-000264,transferred,rapid_transfer_cluster
ASSET-0000743,AST-2026-00000743,Atlas-T2,2024-12-08,ORD-0000511,ACCT-000312,active,baseline
ASSET-0000744,AST-2026-00000744,Beacon-Mini,2025-06-08,ORD-0000512,ACCT-000312,active,baseline
ASSET-0000745,AST-2026-00000745,Beacon-Mini,2025-07-05,ORD-0000513,ACCT-000314,active,baseline
ASSET-0000746,AST-2026-00000746,Atlas-T2,2024-10-13,ORD-0000514,ACCT-000233,active,baseline
ASSET-0000747,AST-2026-00000747,Beacon-Pro,2025-06-01,ORD-0000515,ACCT-000233,active,baseline
ASSET-0000748,AST-2026-00000748,Atlas-T1,2025-04-07,ORD-0000516,ACCT-000233,active,baseline
ASSET-0000749,AST-2026-00000749,Atlas-T2,2025-02-28,ORD-0000517,ACCT-000233,active,baseline
ASSET-0000750,AST-2026-00000750,Courier-X,2025-06-14,ORD-0000518,ACCT-000359,transferred,watchlisted_reseller_cluster
ASSET-0000751,AST-2026-00000751,Courier-X,2025-03-25,ORD-0000519,ACCT-000039,transferred,chargeback_cluster
ASSET-0000752,AST-2026-00000752,Beacon-Mini,2025-02-03,ORD-0000520,ACCT-000045,active,chargeback_cluster
ASSET-0000753,AST-2026-00000753,Beacon-Pro,2025-06-17,ORD-0000521,ACCT-000126,active,baseline
ASSET-0000754,AST-2026-00000754,Beacon-Pro,2026-01-15,ORD-0000521,ACCT-000126,active,baseline
ASSET-0000755,AST-2026-00000755,Courier-X,2025-04-07,ORD-0000522,ACCT-000284,transferred,rapid_transfer_cluster
ASSET-0000756,AST-2026-00000756,Beacon-Mini,2025-03-15,ORD-0000523,ACCT-000123,active,baseline
ASSET-0000757,AST-2026-00000757,Beacon-Pro,2025-06-03,ORD-0000523,ACCT-000123,active,baseline
ASSET-0000758,AST-2026-00000758,Atlas-T2,2026-02-25,ORD-0000524,ACCT-000123,active,baseline
ASSET-0000759,AST-2026-00000759,Atlas-T1,2025-11-26,ORD-0000525,ACCT-000224,active,baseline
