order_id,account_id,order_ts,order_channel,shipping_country_code,shipping_node_id,shipping_address_fingerprint,payment_fingerprint,device_fingerprint,order_value_usd,asset_count,order_status,synthetic_scenario
ORD-0000001,ACCT-000111,2025-10-30 14:41:06,api,C06,SN-011,addr_beded0acfa14,pay_beded0acfa14,dev_beded0acfa14,249.00,1,fulfilled,baseline
ORD-0000002,ACCT-000111,2026-01-02 00:44:37,partner_portal,C07,SN-014,addr_beded0acfa14,pay_beded0acfa14,dev_beded0acfa14,249.00,1,fulfilled,baseline
ORD-0000003,ACCT-000166,2026-02-08 04:29:27,web,C05,SN-010,addr_961ccc64ec03,pay_961ccc64ec03,dev_961ccc64ec03,699.00,1,fulfilled,baseline
ORD-0000004,ACCT-000114,2026-02-12 08:51:22,marketplace,C04,SN-007,addr_20b631596f98,pay_20b631596f98,dev_20b631596f98,299.00,1,fulfilled,baseline
ORD-0000005,ACCT-000114,2026-02-19 11:06:47,web,C04,SN-008,addr_20b631596f98,pay_20b631596f98,dev_20b631596f98,199.00,1,fulfilled,baseline
ORD-0000006,ACCT-000114,2026-03-07 01:06:50,partner_portal,C04,SN-007,addr_20b631596f98,pay_20b631596f98,dev_20b631596f98,499.00,1,fulfilled,baseline
ORD-0000007,ACCT-000114,2026-04-29 12:03:26,web,C04,SN-008,addr_20b631596f98,pay_20b631596f98,dev_20b631596f98,399.00,1,fulfilled,baseline
ORD-0000008,ACCT-000048,2025-10-18 03:49:29,api,C02,SN-004,addr_13c36fff183e,pay_e4dcd8395e79,dev_13c36fff183e,399.00,1,fulfilled,chargeback_cluster
ORD-0000009,ACCT-000048,2025-10-30 18:54:05,marketplace,C02,SN-003,addr_13c36fff183e,pay_e4dcd8395e79,dev_13c36fff183e,249.00,1,fulfilled,chargeback_cluster
ORD-0000010,ACCT-000014,2026-02-09 14:27:48,support_assisted,C06,SN-011,addr_81b3f18f0c0b,pay_81b3f18f0c0b,dev_e545545833e3,249.00,1,fulfilled,shared_device_beta
ORD-0000011,ACCT-000014,2026-03-20 22:51:42,api,C06,SN-012,addr_81b3f18f0c0b,pay_81b3f18f0c0b,dev_e545545833e3,299.00,1,cancelled,shared_device_beta
ORD-0000012,ACCT-000009,2025-11-10 23:52:24,web,C08,SN-015,addr_0f7c343f4114,pay_0f7c343f4114,dev_e545545833e3,399.00,1,paid,shared_device_beta
ORD-0000013,ACCT-000009,2025-12-19 00:16:24,support_assisted,C03,SN-005,addr_0f7c343f4114,pay_0f7c343f4114,dev_e545545833e3,199.00,1,refunded,shared_device_beta
ORD-0000014,ACCT-000358,2026-04-23 02:15:25,partner_portal,C07,SN-013,addr_a17aa3d28a22,pay_a17aa3d28a22,dev_a17aa3d28a22,399.00,1,fulfilled,baseline
ORD-0000015,ACCT-000122,2026-01-17 09:33:30,partner_portal,C02,SN-004,addr_50bcb03b7f87,pay_50bcb03b7f87,dev_50bcb03b7f87,998.00,2,fulfilled,baseline
ORD-0000016,ACCT-000094,2026-04-22 19:43:11,web,C02,SN-004,addr_0a1f038ee700,pay_0a1f038ee700,dev_0a1f038ee700,299.00,1,fulfilled,baseline
ORD-0000017,ACCT-000154,2026-03-31 11:30:47,api,C06,SN-011,addr_44a41e68c362,pay_44a41e68c362,dev_44a41e68c362,399.00,1,fulfilled,baseline
ORD-0000018,ACCT-000147,2025-04-29 06:54:10,api,C07,SN-013,addr_f53d8ae36b73,pay_f53d8ae36b73,dev_f53d8ae36b73,499.00,1,fulfilled,baseline
ORD-0000019,ACCT-000147,2025-11-05 23:28:07,support_assisted,C07,SN-013,addr_f53d8ae36b73,pay_f53d8ae36b73,dev_f53d8ae36b73,998.00,2,fulfilled,baseline
ORD-0000020,ACCT-000087,2025-10-07 00:47:23,support_assisted,C01,SN-001,addr_8f5fab953777,pay_8f5fab953777,dev_8f5fab953777,299.00,1,fulfilled,baseline
ORD-0000021,ACCT-000087,2025-10-09 18:20:14,marketplace,C01,SN-002,addr_8f5fab953777,pay_8f5fab953777,dev_8f5fab953777,299.00,1,fulfilled,baseline
ORD-0000022,ACCT-000010,2025-11-28 02:33:51,partner_portal,C04,SN-008,addr_688c2bb6baa9,pay_688c2bb6baa9,dev_e545545833e3,1196.00,4,fulfilled,shared_device_beta
ORD-0000023,ACCT-000073,2026-03-24 00:50:00,api,C03,SN-005,addr_5af8f40a9070,pay_5af8f40a9070,dev_5af8f40a9070,699.00,1,fulfilled,support_script_cluster
ORD-0000024,ACCT-000073,2026-04-21 22:22:27,marketplace,C02,SN-004,addr_5af8f40a9070,pay_5af8f40a9070,dev_5af8f40a9070,249.00,1,fulfilled,support_script_cluster
ORD-0000025,ACCT-000066,2026-03-12 04:09:55,partner_portal,C02,SN-003,addr_bc085cd220ca,pay_bc085cd220ca,dev_bc085cd220ca,249.00,1,fulfilled,watchlisted_reseller_cluster
ORD-0000026,ACCT-000066,2026-03-13 10:33:53,partner_portal,C06,SN-012,addr_bc085cd220ca,pay_bc085cd220ca,dev_bc085cd220ca,249.00,1,fulfilled,watchlisted_reseller_cluster
ORD-0000027,ACCT-000066,2026-03-27 20:10:34,partner_portal,C06,SN-011,addr_bc085cd220ca,pay_bc085cd220ca,dev_bc085cd220ca,199.00,1,fulfilled,watchlisted_reseller_cluster
ORD-0000028,ACCT-000157,2025-06-25 23:33:58,web,C08,SN-015,addr_a9f3dd0ae897,pay_a9f3dd0ae897,dev_a9f3dd0ae897,249.00,1,fulfilled,baseline
ORD-0000029,ACCT-000157,2025-07-06 03:58:41,partner_portal,C08,SN-016,addr_a9f3dd0ae897,pay_a9f3dd0ae897,dev_a9f3dd0ae897,249.00,1,paid,baseline
ORD-0000030,ACCT-000157,2025-09-15 07:10:00,marketplace,C08,SN-015,addr_a9f3dd0ae897,pay_a9f3dd0ae897,dev_a9f3dd0ae897,798.00,2,fulfilled,baseline
ORD-0000031,ACCT-000059,2026-01-23 05:50:31,marketplace,C05,SN-009,addr_077da75ae40c,pay_077da75ae40c,dev_4a2d4598de0f,499.00,1,fulfilled,abuse_report_cluster
ORD-0000032,ACCT-000250,2025-07-07 16:07:39,support_assisted,C05,SN-010,addr_3fc0087e7063,pay_3fc0087e7063,dev_3fc0087e7063,249.00,1,fulfilled,baseline
ORD-0000033,ACCT-000250,2025-08-29 02:12:35,partner_portal,C05,SN-010,addr_3fc0087e7063,pay_3fc0087e7063,dev_3fc0087e7063,598.00,2,refunded,baseline
ORD-0000034,ACCT-000142,2026-02-13 23:18:23,marketplace,C02,SN-003,addr_cdab855c2dcd,pay_cdab855c2dcd,dev_cdab855c2dcd,998.00,2,fulfilled,baseline
ORD-0000035,ACCT-000230,2025-08-01 05:29:42,api,C06,SN-012,addr_8be39bed7a9d,pay_8be39bed7a9d,dev_8be39bed7a9d,798.00,2,fulfilled,baseline
ORD-0000036,ACCT-000230,2025-09-09 08:32:38,marketplace,C06,SN-011,addr_8be39bed7a9d,pay_8be39bed7a9d,dev_8be39bed7a9d,699.00,1,fulfilled,baseline
ORD-0000037,ACCT-000226,2026-02-21 23:23:26,support_assisted,C08,SN-016,addr_dff30c0d26ae,pay_dff30c0d26ae,dev_dff30c0d26ae,398.00,2,fulfilled,baseline
ORD-0000038,ACCT-000226,2026-03-27 19:46:52,web,C01,SN-001,addr_dff30c0d26ae,pay_dff30c0d26ae,dev_dff30c0d26ae,399.00,1,fulfilled,baseline
ORD-0000039,ACCT-000320,2026-01-06 18:15:15,api,C06,SN-012,addr_94e64009c284,pay_94e64009c284,dev_94e64009c284,499.00,1,fulfilled,baseline
ORD-0000040,ACCT-000320,2026-02-08 12:11:14,web,C05,SN-009,addr_94e64009c284,pay_94e64009c284,dev_94e64009c284,299.00,1,fulfilled,baseline
ORD-0000041,ACCT-000320,2026-03-07 18:36:44,support_assisted,C07,SN-013,addr_94e64009c284,pay_94e64009c284,dev_94e64009c284,498.00,2,fulfilled,baseline
ORD-0000042,ACCT-000199,2026-02-06 14:12:37,partner_portal,C03,SN-005,addr_c1137df9b097,pay_c1137df9b097,dev_c1137df9b097,249.00,1,fulfilled,baseline
ORD-0000043,ACCT-000199,2026-02-26 07:43:05,marketplace,C04,SN-008,addr_c1137df9b097,pay_c1137df9b097,dev_c1137df9b097,299.00,1,fulfilled,baseline
ORD-0000044,ACCT-000199,2026-04-26 23:08:48,partner_portal,C08,SN-015,addr_c1137df9b097,pay_c1137df9b097,dev_c1137df9b097,2097.00,3,fulfilled,baseline
ORD-0000045,ACCT-000069,2025-07-12 22:59:33,web,C03,SN-005,addr_be10477fb44b,pay_be10477fb44b,dev_be10477fb44b,199.00,1,fulfilled,support_script_cluster
ORD-0000046,ACCT-000069,2026-01-27 00:09:33,support_assisted,C03,SN-005,addr_be10477fb44b,pay_be10477fb44b,dev_be10477fb44b,299.00,1,fulfilled,support_script_cluster
ORD-0000047,ACCT-000308,2026-03-20 20:24:22,marketplace,C07,SN-013,addr_e2d647d947be,pay_e2d647d947be,dev_e2d647d947be,699.00,1,paid,baseline
ORD-0000048,ACCT-000085,2026-04-20 14:16:26,marketplace,C08,SN-016,addr_8ad6e2e25b2a,pay_8ad6e2e25b2a,dev_8ad6e2e25b2a,498.00,2,fulfilled,baseline
ORD-0000049,ACCT-000076,2025-05-12 02:25:51,web,C01,SN-002,addr_3a2db34ac1f3,pay_3a2db34ac1f3,dev_3a2db34ac1f3,1497.00,3,fulfilled,baseline
ORD-0000050,ACCT-000200,2025-11-23 06:50:28,support_assisted,C01,SN-001,addr_98052ecdf0cf,pay_98052ecdf0cf,dev_98052ecdf0cf,299.00,1,fulfilled,baseline
ORD-0000051,ACCT-000246,2026-03-17 07:01:38,api,C01,SN-002,addr_ecf4e2b5d87f,pay_ecf4e2b5d87f,dev_ecf4e2b5d87f,598.00,2,fulfilled,baseline
ORD-0000052,ACCT-000310,2025-10-02 04:24:19,support_assisted,C02,SN-003,addr_ffb30afa120a,pay_ffb30afa120a,dev_ffb30afa120a,699.00,1,fulfilled,baseline
ORD-0000053,ACCT-000310,2026-03-10 23:26:59,marketplace,C02,SN-004,addr_ffb30afa120a,pay_ffb30afa120a,dev_ffb30afa120a,249.00,1,fulfilled,baseline
ORD-0000054,ACCT-000227,2026-02-06 12:23:27,marketplace,C01,SN-001,addr_63a2dc67cf73,pay_63a2dc67cf73,dev_63a2dc67cf73,199.00,1,fulfilled,baseline
ORD-0000055,ACCT-000227,2026-04-01 09:53:42,partner_portal,C01,SN-001,addr_63a2dc67cf73,pay_63a2dc67cf73,dev_63a2dc67cf73,499.00,1,fulfilled,baseline
ORD-0000056,ACCT-000047,2025-07-20 05:10:12,api,C01,SN-001,addr_905e73d57bef,pay_e4dcd8395e79,dev_905e73d57bef,399.00,1,fulfilled,chargeback_cluster
ORD-0000057,ACCT-000047,2025-07-27 06:14:06,api,C04,SN-007,addr_905e73d57bef,pay_e4dcd8395e79,dev_905e73d57bef,699.00,1,fulfilled,chargeback_cluster
ORD-0000058,ACCT-000047,2026-01-03 22:09:37,marketplace,C01,SN-001,addr_905e73d57bef,pay_e4dcd8395e79,dev_905e73d57bef,299.00,1,fulfilled,chargeback_cluster
ORD-0000059,ACCT-000196,2026-03-10 15:12:51,api,C07,SN-013,addr_f43fd56618b7,pay_f43fd56618b7,dev_f43fd56618b7,699.00,1,fulfilled,baseline
ORD-0000060,ACCT-000186,2026-01-24 20:59:02,support_assisted,C03,SN-006,addr_425805048b22,pay_425805048b22,dev_425805048b22,299.00,1,fulfilled,baseline
ORD-0000061,ACCT-000186,2026-03-27 19:06:43,marketplace,C03,SN-005,addr_425805048b22,pay_425805048b22,dev_425805048b22,498.00,2,fulfilled,baseline
ORD-0000062,ACCT-000161,2025-10-14 22:59:13,support_assisted,C08,SN-016,addr_7617d4ab4981,pay_7617d4ab4981,dev_7617d4ab4981,199.00,1,fulfilled,baseline
ORD-0000063,ACCT-000044,2026-04-17 13:59:34,marketplace,C03,SN-005,addr_f8ff8c51eb52,pay_e4dcd8395e79,dev_f8ff8c51eb52,798.00,2,fulfilled,chargeback_cluster
ORD-0000064,ACCT-000179,2026-04-21 08:17:08,partner_portal,C02,SN-004,addr_930e4a401618,pay_930e4a401618,dev_930e4a401618,699.00,1,fulfilled,baseline
ORD-0000065,ACCT-000279,2025-12-05 08:22:40,marketplace,C04,SN-008,addr_08a1e80d0317,pay_08a1e80d0317,dev_08a1e80d0317,299.00,1,fulfilled,baseline
ORD-0000066,ACCT-000203,2026-01-12 05:38:41,partner_portal,C05,SN-009,addr_944937e2e33b,pay_944937e2e33b,dev_944937e2e33b,699.00,1,fulfilled,baseline
ORD-0000067,ACCT-000203,2026-01-24 03:12:54,partner_portal,C05,SN-009,addr_944937e2e33b,pay_944937e2e33b,dev_944937e2e33b,398.00,2,paid,baseline
ORD-0000068,ACCT-000249,2026-03-24 23:31:50,marketplace,C02,SN-003,addr_3e0b3bdf68d3,pay_3e0b3bdf68d3,dev_3e0b3bdf68d3,1398.00,2,fulfilled,baseline
ORD-0000069,ACCT-000124,2025-05-29 02:10:40,web,C05,SN-009,addr_669c29a259a3,pay_669c29a259a3,dev_669c29a259a3,199.00,1,fulfilled,baseline
ORD-0000070,ACCT-000124,2025-12-17 17:16:09,partner_portal,C02,SN-003,addr_669c29a259a3,pay_669c29a259a3,dev_669c29a259a3,699.00,1,fulfilled,baseline
ORD-0000071,ACCT-000124,2025-12-20 00:36:34,marketplace,C05,SN-009,addr_669c29a259a3,pay_669c29a259a3,dev_669c29a259a3,798.00,2,fulfilled,baseline
ORD-0000072,ACCT-000243,2025-11-02 22:41:46,web,C05,SN-009,addr_fac93da4d0c2,pay_fac93da4d0c2,dev_fac93da4d0c2,299.00,1,fulfilled,baseline
ORD-0000073,ACCT-000100,2025-09-19 20:28:55,marketplace,C07,SN-014,addr_413ec98581f2,pay_413ec98581f2,dev_413ec98581f2,249.00,1,fulfilled,baseline
ORD-0000074,ACCT-000100,2025-12-04 02:27:38,partner_portal,C07,SN-013,addr_413ec98581f2,pay_413ec98581f2,dev_413ec98581f2,699.00,1,fulfilled,baseline
ORD-0000075,ACCT-000100,2025-12-10 05:29:06,web,C08,SN-015,addr_413ec98581f2,pay_413ec98581f2,dev_413ec98581f2,1197.00,3,fulfilled,baseline
ORD-0000076,ACCT-000100,2026-04-21 22:46:03,api,C07,SN-013,addr_413ec98581f2,pay_413ec98581f2,dev_413ec98581f2,998.00,2,fulfilled,baseline
ORD-0000077,ACCT-000232,2026-04-21 18:07:00,marketplace,C07,SN-014,addr_12088d33850f,pay_12088d33850f,dev_12088d33850f,998.00,2,fulfilled,baseline
ORD-0000078,ACCT-000271,2025-10-27 11:20:23,api,C05,SN-010,addr_0ba68a7e013c,pay_0ba68a7e013c,dev_0ba68a7e013c,399.00,1,fulfilled,baseline
ORD-0000079,ACCT-000271,2026-02-03 17:38:31,partner_portal,C06,SN-011,addr_0ba68a7e013c,pay_0ba68a7e013c,dev_0ba68a7e013c,699.00,1,fulfilled,baseline
ORD-0000080,ACCT-000271,2026-02-13 07:05:10,web,C06,SN-011,addr_0ba68a7e013c,pay_0ba68a7e013c,dev_0ba68a7e013c,299.00,1,fulfilled,baseline
ORD-0000081,ACCT-000306,2025-08-23 21:10:12,partner_portal,C05,SN-009,addr_697f17efe95b,pay_697f17efe95b,dev_697f17efe95b,299.00,1,fulfilled,baseline
ORD-0000082,ACCT-000110,2025-01-14 18:39:17,api,C01,SN-002,addr_737103536083,pay_737103536083,dev_737103536083,598.00,2,fulfilled,baseline
ORD-0000083,ACCT-000290,2025-06-20 03:44:13,support_assisted,C01,SN-002,addr_9259f6debc16,pay_9259f6debc16,dev_9259f6debc16,499.00,1,fulfilled,baseline
ORD-0000084,ACCT-000236,2026-03-25 18:17:39,marketplace,C03,SN-006,addr_2e2c36472cf5,pay_2e2c36472cf5,dev_2e2c36472cf5,499.00,1,fulfilled,baseline
ORD-0000085,ACCT-000113,2025-12-01 05:30:23,marketplace,C04,SN-007,addr_1171032f7f52,pay_1171032f7f52,dev_1171032f7f52,1398.00,2,fulfilled,baseline
ORD-0000086,ACCT-000015,2026-04-26 00:50:38,partner_portal,C01,SN-001,addr_a2bcdaaa3e9d,pay_a2bcdaaa3e9d,dev_e545545833e3,699.00,1,fulfilled,shared_device_beta
ORD-0000087,ACCT-000039,2026-03-01 00:50:56,web,C02,SN-004,addr_4272d7b750b1,pay_e92a27813ca9,dev_e92a27813ca9,399.00,1,fulfilled,diversion_path_cluster
ORD-0000088,ACCT-000039,2026-03-02 03:29:33,marketplace,C01,SN-002,addr_4272d7b750b1,pay_e92a27813ca9,dev_e92a27813ca9,1398.00,2,fulfilled,diversion_path_cluster
ORD-0000089,ACCT-000021,2026-01-12 18:51:04,partner_portal,C02,SN-003,addr_9a6f846daeb6,pay_55168a8482b0,dev_55168a8482b0,499.00,1,fulfilled,shared_shipping_gamma
ORD-0000090,ACCT-000304,2025-06-14 07:35:12,support_assisted,C06,SN-012,addr_cc4b49ea4c79,pay_cc4b49ea4c79,dev_cc4b49ea4c79,598.00,2,cancelled,baseline
ORD-0000091,ACCT-000304,2025-06-16 20:57:04,marketplace,C06,SN-012,addr_cc4b49ea4c79,pay_cc4b49ea4c79,dev_cc4b49ea4c79,499.00,1,fulfilled,baseline
ORD-0000092,ACCT-000153,2025-12-19 05:35:09,support_assisted,C08,SN-016,addr_0d57552197a0,pay_0d57552197a0,dev_0d57552197a0,699.00,1,fulfilled,baseline
ORD-0000093,ACCT-000153,2026-01-28 12:59:58,support_assisted,C08,SN-016,addr_0d57552197a0,pay_0d57552197a0,dev_0d57552197a0,699.00,1,fulfilled,baseline
ORD-0000094,ACCT-000144,2025-11-10 11:11:23,partner_portal,C06,SN-012,addr_7922ef4e5763,pay_7922ef4e5763,dev_7922ef4e5763,498.00,2,paid,baseline
ORD-0000095,ACCT-000144,2026-02-20 15:40:00,support_assisted,C04,SN-007,addr_7922ef4e5763,pay_7922ef4e5763,dev_7922ef4e5763,199.00,1,fulfilled,baseline
ORD-0000096,ACCT-000042,2025-11-26 10:09:11,api,C02,SN-004,addr_4272d7b750b1,pay_e0e6e4c4b19f,dev_e0e6e4c4b19f,398.00,2,fulfilled,diversion_path_cluster
ORD-0000097,ACCT-000333,2025-03-08 19:47:58,support_assisted,C04,SN-008,addr_b6210cf80662,pay_b6210cf80662,dev_b6210cf80662,747.00,3,paid,baseline
ORD-0000098,ACCT-000151,2025-06-29 12:09:04,marketplace,C06,SN-012,addr_fbae63c24c1f,pay_fbae63c24c1f,dev_fbae63c24c1f,499.00,1,fulfilled,baseline
ORD-0000099,ACCT-000063,2025-11-01 09:58:46,partner_portal,C06,SN-012,addr_959f3d834870,pay_959f3d834870,dev_959f3d834870,249.00,1,fulfilled,watchlisted_reseller_cluster
ORD-0000100,ACCT-000063,2026-02-12 01:31:45,partner_portal,C04,SN-008,addr_959f3d834870,pay_959f3d834870,dev_959f3d834870,699.00,1,fulfilled,watchlisted_reseller_cluster
ORD-0000101,ACCT-000248,2026-01-23 05:25:37,support_assisted,C03,SN-006,addr_a54ff92e8848,pay_a54ff92e8848,dev_a54ff92e8848,299.00,1,paid,baseline
ORD-0000102,ACCT-000099,2026-03-16 14:35:55,support_assisted,C04,SN-008,addr_c09e21fed58b,pay_c09e21fed58b,dev_c09e21fed58b,399.00,1,paid,baseline
ORD-0000103,ACCT-000328,2026-01-26 11:06:37,web,C02,SN-004,addr_3d3bb3309a77,pay_3d3bb3309a77,dev_3d3bb3309a77,699.00,1,fulfilled,baseline
ORD-0000104,ACCT-000245,2025-10-16 10:48:31,api,C02,SN-004,addr_290e99613e54,pay_290e99613e54,dev_290e99613e54,249.00,1,fulfilled,baseline
ORD-0000105,ACCT-000245,2026-01-12 04:59:38,support_assisted,C01,SN-002,addr_290e99613e54,pay_290e99613e54,dev_290e99613e54,299.00,1,fulfilled,baseline
ORD-0000106,ACCT-000190,2026-03-18 10:25:00,support_assisted,C06,SN-012,addr_b5051b3cca68,pay_b5051b3cca68,dev_b5051b3cca68,798.00,2,fulfilled,baseline
ORD-0000107,ACCT-000264,2025-07-31 11:39:36,marketplace,C04,SN-007,addr_56c30bccb9f4,pay_56c30bccb9f4,dev_56c30bccb9f4,699.00,1,paid,baseline
ORD-0000108,ACCT-000240,2025-08-13 17:35:33,web,C08,SN-016,addr_14892edfc3cf,pay_14892edfc3cf,dev_14892edfc3cf,249.00,1,fulfilled,baseline
ORD-0000109,ACCT-000127,2026-01-05 18:16:38,support_assisted,C06,SN-011,addr_8a610abbce61,pay_8a610abbce61,dev_8a610abbce61,399.00,1,fulfilled,baseline
ORD-0000110,ACCT-000127,2026-03-05 14:40:47,partner_portal,C01,SN-001,addr_8a610abbce61,pay_8a610abbce61,dev_8a610abbce61,499.00,1,paid,baseline
ORD-0000111,ACCT-000173,2025-10-24 09:06:53,api,C05,SN-010,addr_fed8b57235ef,pay_fed8b57235ef,dev_fed8b57235ef,199.00,1,fulfilled,baseline
ORD-0000112,ACCT-000018,2026-03-15 05:49:44,api,C01,SN-001,addr_9a6f846daeb6,pay_48e295ce6f12,dev_48e295ce6f12,699.00,1,fulfilled,shared_shipping_gamma
ORD-0000113,ACCT-000050,2026-02-16 21:37:12,partner_portal,C06,SN-012,addr_cfed846c74c5,pay_e4dcd8395e79,dev_cfed846c74c5,299.00,1,fulfilled,chargeback_cluster
ORD-0000114,ACCT-000050,2026-03-01 13:07:17,web,C06,SN-011,addr_cfed846c74c5,pay_e4dcd8395e79,dev_cfed846c74c5,249.00,1,fulfilled,chargeback_cluster
ORD-0000115,ACCT-000095,2026-04-04 13:21:05,partner_portal,C08,SN-015,addr_09cd94e0570b,pay_09cd94e0570b,dev_09cd94e0570b,499.00,1,fulfilled,baseline
ORD-0000116,ACCT-000121,2026-03-17 15:17:18,marketplace,C04,SN-007,addr_64326a459d3e,pay_64326a459d3e,dev_64326a459d3e,199.00,1,fulfilled,baseline
ORD-0000117,ACCT-000317,2025-11-06 16:50:50,support_assisted,C02,SN-003,addr_e5e98d0d357b,pay_e5e98d0d357b,dev_e5e98d0d357b,1398.00,2,cancelled,baseline
ORD-0000118,ACCT-000317,2026-02-12 16:42:43,marketplace,C02,SN-004,addr_e5e98d0d357b,pay_e5e98d0d357b,dev_e5e98d0d357b,398.00,2,fulfilled,baseline
ORD-0000119,ACCT-000283,2026-01-08 13:47:25,partner_portal,C08,SN-016,addr_285ee3dea1a6,pay_285ee3dea1a6,dev_285ee3dea1a6,699.00,1,fulfilled,baseline
ORD-0000120,ACCT-000283,2026-03-06 17:51:01,partner_portal,C08,SN-016,addr_285ee3dea1a6,pay_285ee3dea1a6,dev_285ee3dea1a6,249.00,1,fulfilled,baseline
ORD-0000121,ACCT-000343,2026-05-02 12:44:53,marketplace,C08,SN-015,addr_8d0264cb1714,pay_8d0264cb1714,dev_8d0264cb1714,249.00,1,fulfilled,baseline
ORD-0000122,ACCT-000353,2025-05-30 16:52:24,api,C01,SN-002,addr_c446e1e466b7,pay_c446e1e466b7,dev_c446e1e466b7,998.00,2,fulfilled,baseline
ORD-0000123,ACCT-000353,2025-06-18 22:42:09,partner_portal,C01,SN-001,addr_c446e1e466b7,pay_c446e1e466b7,dev_c446e1e466b7,249.00,1,fulfilled,baseline
ORD-0000124,ACCT-000177,2026-01-19 01:34:17,partner_portal,C08,SN-016,addr_1003046b91d3,pay_1003046b91d3,dev_1003046b91d3,399.00,1,fulfilled,baseline
ORD-0000125,ACCT-000272,2025-12-24 12:12:08,api,C02,SN-003,addr_92849e0928e9,pay_92849e0928e9,dev_92849e0928e9,398.00,2,fulfilled,baseline
ORD-0000126,ACCT-000263,2026-01-18 11:40:10,api,C01,SN-001,addr_3dbaf8dd32b1,pay_3dbaf8dd32b1,dev_3dbaf8dd32b1,199.00,1,fulfilled,baseline
ORD-0000127,ACCT-000263,2026-02-21 13:14:41,support_assisted,C01,SN-001,addr_3dbaf8dd32b1,pay_3dbaf8dd32b1,dev_3dbaf8dd32b1,299.00,1,fulfilled,baseline
ORD-0000128,ACCT-000327,2026-02-04 08:34:15,web,C01,SN-002,addr_00934d5d9241,pay_00934d5d9241,dev_00934d5d9241,299.00,1,fulfilled,baseline
ORD-0000129,ACCT-000327,2026-02-10 15:20:48,partner_portal,C03,SN-005,addr_00934d5d9241,pay_00934d5d9241,dev_00934d5d9241,249.00,1,fulfilled,baseline
ORD-0000130,ACCT-000080,2025-02-27 14:20:36,api,C04,SN-008,addr_050e15d8e018,pay_050e15d8e018,dev_050e15d8e018,199.00,1,fulfilled,baseline
ORD-0000131,ACCT-000080,2026-02-09 08:29:34,partner_portal,C05,SN-009,addr_050e15d8e018,pay_050e15d8e018,dev_050e15d8e018,499.00,1,fulfilled,baseline
ORD-0000132,ACCT-000171,2026-03-06 02:25:05,partner_portal,C03,SN-006,addr_76b7391abccb,pay_76b7391abccb,dev_76b7391abccb,249.00,1,fulfilled,baseline
ORD-0000133,ACCT-000338,2025-09-23 10:22:16,support_assisted,C05,SN-009,addr_cc78a1f3b0bc,pay_cc78a1f3b0bc,dev_cc78a1f3b0bc,299.00,1,fulfilled,baseline
ORD-0000134,ACCT-000338,2026-01-27 09:31:09,partner_portal,C05,SN-009,addr_cc78a1f3b0bc,pay_cc78a1f3b0bc,dev_cc78a1f3b0bc,699.00,1,paid,baseline
ORD-0000135,ACCT-000211,2026-01-04 18:26:37,marketplace,C05,SN-009,addr_13aeab616b9d,pay_13aeab616b9d,dev_13aeab616b9d,499.00,1,fulfilled,baseline
ORD-0000136,ACCT-000058,2026-02-21 08:27:18,web,C01,SN-001,addr_13277ed62cb1,pay_13277ed62cb1,dev_4a2d4598de0f,399.00,1,fulfilled,abuse_report_cluster
ORD-0000137,ACCT-000336,2025-09-12 23:23:02,web,C02,SN-003,addr_abec70ced63c,pay_abec70ced63c,dev_abec70ced63c,299.00,1,fulfilled,baseline
ORD-0000138,ACCT-000336,2025-11-24 10:26:57,partner_portal,C08,SN-016,addr_abec70ced63c,pay_abec70ced63c,dev_abec70ced63c,398.00,2,fulfilled,baseline
ORD-0000139,ACCT-000205,2026-04-12 11:46:43,web,C08,SN-016,addr_7269bfe2c806,pay_7269bfe2c806,dev_7269bfe2c806,897.00,3,refunded,baseline
ORD-0000140,ACCT-000205,2026-04-13 22:45:17,web,C08,SN-016,addr_7269bfe2c806,pay_7269bfe2c806,dev_7269bfe2c806,249.00,1,fulfilled,baseline
ORD-0000141,ACCT-000349,2025-11-18 22:53:11,api,C03,SN-005,addr_7c56c6174404,pay_7c56c6174404,dev_7c56c6174404,398.00,2,fulfilled,baseline
ORD-0000142,ACCT-000349,2026-05-03 14:30:48,partner_portal,C05,SN-010,addr_7c56c6174404,pay_7c56c6174404,dev_7c56c6174404,299.00,1,fulfilled,baseline
ORD-0000143,ACCT-000182,2025-01-28 22:39:49,api,C02,SN-004,addr_00d8a5135a6a,pay_00d8a5135a6a,dev_00d8a5135a6a,299.00,1,fulfilled,baseline
ORD-0000144,ACCT-000046,2025-07-15 12:24:27,web,C02,SN-004,addr_5c737ac2cf9a,pay_e4dcd8395e79,dev_5c737ac2cf9a,398.00,2,paid,chargeback_cluster
ORD-0000145,ACCT-000046,2025-08-15 07:58:58,support_assisted,C02,SN-004,addr_5c737ac2cf9a,pay_e4dcd8395e79,dev_5c737ac2cf9a,699.00,1,fulfilled,chargeback_cluster
ORD-0000146,ACCT-000046,2025-12-15 02:42:03,marketplace,C02,SN-004,addr_5c737ac2cf9a,pay_e4dcd8395e79,dev_5c737ac2cf9a,699.00,1,fulfilled,chargeback_cluster
ORD-0000147,ACCT-000303,2026-03-17 00:06:40,web,C08,SN-016,addr_b0f65142c78b,pay_b0f65142c78b,dev_b0f65142c78b,699.00,1,fulfilled,baseline
ORD-0000148,ACCT-000303,2026-03-22 18:48:43,web,C08,SN-016,addr_b0f65142c78b,pay_b0f65142c78b,dev_b0f65142c78b,1197.00,3,fulfilled,baseline
ORD-0000149,ACCT-000055,2025-12-07 07:31:04,support_assisted,C04,SN-008,addr_bd0ab6374495,pay_bd0ab6374495,dev_4a2d4598de0f,499.00,1,fulfilled,abuse_report_cluster
ORD-0000150,ACCT-000055,2026-02-10 14:15:30,api,C04,SN-008,addr_bd0ab6374495,pay_bd0ab6374495,dev_4a2d4598de0f,499.00,1,fulfilled,abuse_report_cluster
ORD-0000151,ACCT-000088,2025-09-03 08:16:06,support_assisted,C05,SN-009,addr_f831a5ab0339,pay_f831a5ab0339,dev_f831a5ab0339,499.00,1,fulfilled,baseline
ORD-0000152,ACCT-000088,2025-12-11 08:49:41,partner_portal,C05,SN-010,addr_f831a5ab0339,pay_f831a5ab0339,dev_f831a5ab0339,199.00,1,fulfilled,baseline
ORD-0000153,ACCT-000088,2026-05-05 10:20:54,support_assisted,C05,SN-010,addr_f831a5ab0339,pay_f831a5ab0339,dev_f831a5ab0339,499.00,1,fulfilled,baseline
ORD-0000154,ACCT-000049,2026-04-02 17:46:12,web,C06,SN-011,addr_378562d83e5c,pay_e4dcd8395e79,dev_378562d83e5c,747.00,3,fulfilled,chargeback_cluster
ORD-0000155,ACCT-000324,2026-02-19 17:11:12,web,C05,SN-009,addr_7570ccd27b6f,pay_7570ccd27b6f,dev_7570ccd27b6f,699.00,1,fulfilled,baseline
ORD-0000156,ACCT-000093,2025-04-13 01:39:55,marketplace,C08,SN-015,addr_d21e20538e9e,pay_d21e20538e9e,dev_d21e20538e9e,499.00,1,fulfilled,baseline
ORD-0000157,ACCT-000219,2026-03-05 07:01:53,marketplace,C07,SN-013,addr_91ecce10a847,pay_91ecce10a847,dev_91ecce10a847,897.00,3,paid,baseline
ORD-0000158,ACCT-000162,2025-09-04 23:08:14,partner_portal,C01,SN-001,addr_179c4febced1,pay_179c4febced1,dev_179c4febced1,998.00,2,fulfilled,baseline
ORD-0000159,ACCT-000074,2025-09-02 12:26:41,api,C03,SN-006,addr_618b2ec0f8cb,pay_618b2ec0f8cb,dev_618b2ec0f8cb,249.00,1,paid,support_script_cluster
ORD-0000160,ACCT-000074,2026-02-13 16:28:45,support_assisted,C04,SN-008,addr_618b2ec0f8cb,pay_618b2ec0f8cb,dev_618b2ec0f8cb,699.00,1,fulfilled,support_script_cluster
ORD-0000161,ACCT-000209,2025-12-10 10:01:14,marketplace,C05,SN-010,addr_e11231ea8807,pay_e11231ea8807,dev_e11231ea8807,199.00,1,fulfilled,baseline
ORD-0000162,ACCT-000209,2026-02-10 05:49:41,web,C05,SN-009,addr_e11231ea8807,pay_e11231ea8807,dev_e11231ea8807,199.00,1,fulfilled,baseline
ORD-0000163,ACCT-000209,2026-04-20 15:25:48,api,C05,SN-009,addr_e11231ea8807,pay_e11231ea8807,dev_e11231ea8807,199.00,1,fulfilled,baseline
ORD-0000164,ACCT-000260,2025-11-11 12:03:05,web,C04,SN-008,addr_ce3cf7ef9e6a,pay_ce3cf7ef9e6a,dev_ce3cf7ef9e6a,399.00,1,fulfilled,baseline
ORD-0000165,ACCT-000260,2025-12-10 05:04:07,marketplace,C07,SN-014,addr_ce3cf7ef9e6a,pay_ce3cf7ef9e6a,dev_ce3cf7ef9e6a,199.00,1,fulfilled,baseline
ORD-0000166,ACCT-000129,2025-12-16 18:59:04,marketplace,C05,SN-009,addr_2e21e5567a90,pay_2e21e5567a90,dev_2e21e5567a90,399.00,1,paid,baseline
ORD-0000167,ACCT-000175,2025-06-16 17:22:38,support_assisted,C05,SN-009,addr_a8b2b56bcb9e,pay_a8b2b56bcb9e,dev_a8b2b56bcb9e,299.00,1,fulfilled,baseline
ORD-0000168,ACCT-000175,2026-02-15 03:17:56,marketplace,C08,SN-016,addr_a8b2b56bcb9e,pay_a8b2b56bcb9e,dev_a8b2b56bcb9e,499.00,1,fulfilled,baseline
ORD-0000169,ACCT-000359,2026-04-08 15:10:51,web,C02,SN-004,addr_3a4865264986,pay_3a4865264986,dev_3a4865264986,499.00,1,fulfilled,baseline
ORD-0000170,ACCT-000107,2025-03-06 18:47:52,partner_portal,C03,SN-006,addr_e3dbd0acc5a5,pay_e3dbd0acc5a5,dev_e3dbd0acc5a5,499.00,1,fulfilled,baseline
ORD-0000171,ACCT-000229,2025-11-06 05:28:42,api,C01,SN-002,addr_9a56aebf4670,pay_9a56aebf4670,dev_9a56aebf4670,249.00,1,fulfilled,baseline
ORD-0000172,ACCT-000289,2025-01-24 11:31:26,partner_portal,C02,SN-003,addr_43e108b7bcd0,pay_43e108b7bcd0,dev_43e108b7bcd0,398.00,2,paid,baseline
ORD-0000173,ACCT-000213,2026-04-02 15:18:12,api,C05,SN-009,addr_e6422d6b8ffa,pay_e6422d6b8ffa,dev_e6422d6b8ffa,699.00,1,fulfilled,baseline
ORD-0000174,ACCT-000213,2026-04-14 04:44:09,support_assisted,C05,SN-009,addr_e6422d6b8ffa,pay_e6422d6b8ffa,dev_e6422d6b8ffa,249.00,1,fulfilled,baseline
ORD-0000175,ACCT-000148,2026-04-05 23:17:08,partner_portal,C07,SN-013,addr_4997c0788582,pay_4997c0788582,dev_4997c0788582,399.00,1,fulfilled,baseline
ORD-0000176,ACCT-000148,2026-04-17 05:42:10,support_assisted,C07,SN-013,addr_4997c0788582,pay_4997c0788582,dev_4997c0788582,249.00,1,fulfilled,baseline
ORD-0000177,ACCT-000148,2026-04-27 21:57:13,api,C07,SN-013,addr_4997c0788582,pay_4997c0788582,dev_4997c0788582,998.00,2,fulfilled,baseline
ORD-0000178,ACCT-000026,2026-02-23 16:39:10,support_assisted,C03,SN-006,addr_7cd9584fce84,pay_5a7b53240a6c,dev_7cd9584fce84,498.00,2,fulfilled,bulk_order_burst
ORD-0000179,ACCT-000026,2026-02-23 18:07:10,support_assisted,C03,SN-005,addr_7cd9584fce84,pay_5a7b53240a6c,dev_7cd9584fce84,1497.00,3,fulfilled,bulk_order_burst
ORD-0000180,ACCT-000026,2026-02-23 19:55:10,support_assisted,C03,SN-006,addr_7cd9584fce84,pay_5a7b53240a6c,dev_7cd9584fce84,597.00,3,fulfilled,bulk_order_burst
ORD-0000181,ACCT-000026,2026-02-23 21:58:10,web,C03,SN-006,addr_7cd9584fce84,pay_5a7b53240a6c,dev_7cd9584fce84,1995.00,5,fulfilled,bulk_order_burst
ORD-0000182,ACCT-000026,2026-02-24 02:47:10,api,C03,SN-005,addr_7cd9584fce84,pay_5a7b53240a6c,dev_7cd9584fce84,1495.00,5,fulfilled,bulk_order_burst
ORD-0000183,ACCT-000026,2026-02-24 06:10:10,api,C03,SN-006,addr_7cd9584fce84,pay_5a7b53240a6c,dev_7cd9584fce84,798.00,2,fulfilled,bulk_order_burst
ORD-0000184,ACCT-000026,2026-02-24 09:19:10,api,C01,SN-001,addr_7cd9584fce84,pay_5a7b53240a6c,dev_7cd9584fce84,1596.00,4,fulfilled,bulk_order_burst
ORD-0000185,ACCT-000017,2025-04-07 15:21:54,api,C01,SN-001,addr_9a6f846daeb6,pay_7c1da19c3a53,dev_7c1da19c3a53,249.00,1,fulfilled,shared_shipping_gamma
ORD-0000186,ACCT-000017,2025-06-25 02:30:11,partner_portal,C01,SN-001,addr_9a6f846daeb6,pay_7c1da19c3a53,dev_7c1da19c3a53,299.00,1,fulfilled,shared_shipping_gamma
ORD-0000187,ACCT-000348,2025-11-12 09:03:18,support_assisted,C07,SN-014,addr_dbb34f155182,pay_dbb34f155182,dev_dbb34f155182,747.00,3,fulfilled,baseline
ORD-0000188,ACCT-000188,2025-05-06 15:22:28,api,C06,SN-011,addr_13aecda645da,pay_13aecda645da,dev_13aecda645da,249.00,1,fulfilled,baseline
ORD-0000189,ACCT-000276,2025-10-30 10:39:46,support_assisted,C06,SN-012,addr_ee44e20c9f07,pay_ee44e20c9f07,dev_ee44e20c9f07,699.00,1,fulfilled,baseline
ORD-0000190,ACCT-000288,2025-05-12 23:45:53,partner_portal,C07,SN-014,addr_6ef61e8ab6a3,pay_6ef61e8ab6a3,dev_6ef61e8ab6a3,598.00,2,fulfilled,baseline
ORD-0000191,ACCT-000288,2025-08-20 11:39:25,api,C08,SN-015,addr_6ef61e8ab6a3,pay_6ef61e8ab6a3,dev_6ef61e8ab6a3,699.00,1,fulfilled,baseline
ORD-0000192,ACCT-000288,2026-02-13 23:40:32,partner_portal,C08,SN-015,addr_6ef61e8ab6a3,pay_6ef61e8ab6a3,dev_6ef61e8ab6a3,399.00,1,fulfilled,baseline
ORD-0000193,ACCT-000221,2026-01-25 17:52:00,support_assisted,C04,SN-007,addr_28c260b3350b,pay_28c260b3350b,dev_28c260b3350b,299.00,1,fulfilled,baseline
ORD-0000194,ACCT-000266,2025-10-24 20:13:53,web,C07,SN-013,addr_860a40704d7c,pay_860a40704d7c,dev_860a40704d7c,499.00,1,fulfilled,baseline
ORD-0000195,ACCT-000266,2026-01-31 08:07:39,web,C07,SN-013,addr_860a40704d7c,pay_860a40704d7c,dev_860a40704d7c,699.00,1,fulfilled,baseline
ORD-0000196,ACCT-000266,2026-03-26 10:43:05,api,C07,SN-014,addr_860a40704d7c,pay_860a40704d7c,dev_860a40704d7c,199.00,1,fulfilled,baseline
ORD-0000197,ACCT-000266,2026-04-19 19:28:37,partner_portal,C07,SN-013,addr_860a40704d7c,pay_860a40704d7c,dev_860a40704d7c,249.00,1,fulfilled,baseline
ORD-0000198,ACCT-000051,2026-01-01 00:02:32,web,C06,SN-011,addr_39c511d39258,pay_e4dcd8395e79,dev_39c511d39258,299.00,1,fulfilled,chargeback_cluster
ORD-0000199,ACCT-000201,2026-03-19 04:04:59,support_assisted,C02,SN-003,addr_28ccfc1041a5,pay_28ccfc1041a5,dev_28ccfc1041a5,399.00,1,fulfilled,baseline
ORD-0000200,ACCT-000057,2026-02-22 04:43:21,api,C02,SN-003,addr_da776bb5dad2,pay_da776bb5dad2,dev_4a2d4598de0f,747.00,3,fulfilled,abuse_report_cluster
ORD-0000201,ACCT-000057,2026-04-27 00:22:30,partner_portal,C08,SN-016,addr_da776bb5dad2,pay_da776bb5dad2,dev_4a2d4598de0f,499.00,1,fulfilled,abuse_report_cluster
ORD-0000202,ACCT-000204,2025-11-13 05:27:02,web,C05,SN-010,addr_683191aeae7a,pay_683191aeae7a,dev_683191aeae7a,199.00,1,fulfilled,baseline
ORD-0000203,ACCT-000315,2025-12-28 13:30:48,support_assisted,C07,SN-014,addr_c5cbda805ba0,pay_c5cbda805ba0,dev_c5cbda805ba0,199.00,1,fulfilled,baseline
ORD-0000204,ACCT-000032,2025-06-22 18:51:20,partner_portal,C03,SN-005,addr_c86dadc08bbb,pay_c86dadc08bbb,dev_86e1a0a4a6a7,199.00,1,fulfilled,rapid_transfer_cluster
ORD-0000205,ACCT-000275,2026-04-15 00:07:12,support_assisted,C06,SN-012,addr_a939248b244e,pay_a939248b244e,dev_a939248b244e,399.00,1,fulfilled,baseline
ORD-0000206,ACCT-000202,2025-07-14 11:49:11,partner_portal,C08,SN-016,addr_79597939ed8e,pay_79597939ed8e,dev_79597939ed8e,1197.00,3,fulfilled,baseline
ORD-0000207,ACCT-000202,2025-12-28 10:50:10,partner_portal,C08,SN-015,addr_79597939ed8e,pay_79597939ed8e,dev_79597939ed8e,1398.00,2,fulfilled,baseline
ORD-0000208,ACCT-000158,2026-04-21 21:07:23,marketplace,C06,SN-011,addr_aade0b8e935c,pay_aade0b8e935c,dev_aade0b8e935c,299.00,1,paid,baseline
ORD-0000209,ACCT-000141,2025-12-15 17:47:53,marketplace,C04,SN-007,addr_565052f47be6,pay_565052f47be6,dev_565052f47be6,1596.00,4,fulfilled,baseline
ORD-0000210,ACCT-000329,2026-03-25 12:09:23,partner_portal,C01,SN-002,addr_41264c2cbb87,pay_41264c2cbb87,dev_41264c2cbb87,598.00,2,fulfilled,baseline
ORD-0000211,ACCT-000329,2026-04-25 17:22:14,marketplace,C01,SN-002,addr_41264c2cbb87,pay_41264c2cbb87,dev_41264c2cbb87,499.00,1,paid,baseline
ORD-0000212,ACCT-000104,2026-03-21 22:16:46,support_assisted,C08,SN-016,addr_db4a85794c95,pay_db4a85794c95,dev_db4a85794c95,249.00,1,fulfilled,baseline
ORD-0000213,ACCT-000008,2026-02-25 03:57:02,marketplace,C04,SN-008,addr_ec2cfb679598,pay_60b92a1ac155,dev_ec2cfb679598,798.00,2,fulfilled,shared_payment_alpha
ORD-0000214,ACCT-000008,2026-04-21 17:58:34,marketplace,C04,SN-007,addr_ec2cfb679598,pay_60b92a1ac155,dev_ec2cfb679598,598.00,2,fulfilled,shared_payment_alpha
ORD-0000215,ACCT-000270,2025-05-05 18:31:59,api,C03,SN-005,addr_fa41c3fe3bcd,pay_fa41c3fe3bcd,dev_fa41c3fe3bcd,1398.00,2,fulfilled,baseline
ORD-0000216,ACCT-000198,2026-03-15 09:12:10,api,C03,SN-005,addr_944228485b5a,pay_944228485b5a,dev_944228485b5a,499.00,1,fulfilled,baseline
ORD-0000217,ACCT-000323,2026-04-03 05:56:39,partner_portal,C04,SN-007,addr_2a202cd10c75,pay_2a202cd10c75,dev_2a202cd10c75,747.00,3,fulfilled,baseline
ORD-0000218,ACCT-000132,2025-04-04 03:58:25,marketplace,C04,SN-007,addr_8a588646fe79,pay_8a588646fe79,dev_8a588646fe79,699.00,1,fulfilled,baseline
ORD-0000219,ACCT-000132,2025-08-25 20:41:19,marketplace,C05,SN-009,addr_8a588646fe79,pay_8a588646fe79,dev_8a588646fe79,249.00,1,fulfilled,baseline
ORD-0000220,ACCT-000102,2026-03-11 19:20:49,partner_portal,C06,SN-012,addr_03604590dacc,pay_03604590dacc,dev_03604590dacc,199.00,1,fulfilled,baseline
ORD-0000221,ACCT-000102,2026-03-15 19:21:09,partner_portal,C03,SN-005,addr_03604590dacc,pay_03604590dacc,dev_03604590dacc,399.00,1,fulfilled,baseline
ORD-0000222,ACCT-000174,2026-01-11 06:54:02,support_assisted,C08,SN-015,addr_9d84371b4e56,pay_9d84371b4e56,dev_9d84371b4e56,1197.00,3,fulfilled,baseline
ORD-0000223,ACCT-000174,2026-04-11 08:56:21,web,C08,SN-016,addr_9d84371b4e56,pay_9d84371b4e56,dev_9d84371b4e56,249.00,1,fulfilled,baseline
ORD-0000224,ACCT-000174,2026-04-22 02:01:27,support_assisted,C08,SN-015,addr_9d84371b4e56,pay_9d84371b4e56,dev_9d84371b4e56,399.00,1,fulfilled,baseline
ORD-0000225,ACCT-000174,2026-04-29 04:27:57,marketplace,C08,SN-015,addr_9d84371b4e56,pay_9d84371b4e56,dev_9d84371b4e56,249.00,1,fulfilled,baseline
ORD-0000226,ACCT-000064,2026-03-24 06:04:11,partner_portal,C06,SN-011,addr_45371c452c6c,pay_45371c452c6c,dev_45371c452c6c,399.00,1,fulfilled,watchlisted_reseller_cluster
ORD-0000227,ACCT-000064,2026-04-12 22:27:37,partner_portal,C01,SN-002,addr_45371c452c6c,pay_45371c452c6c,dev_45371c452c6c,249.00,1,fulfilled,watchlisted_reseller_cluster
ORD-0000228,ACCT-000167,2025-11-28 10:54:04,partner_portal,C07,SN-014,addr_fa4bdf8bfc5b,pay_fa4bdf8bfc5b,dev_fa4bdf8bfc5b,299.00,1,fulfilled,baseline
ORD-0000229,ACCT-000167,2026-04-25 00:42:02,marketplace,C07,SN-014,addr_fa4bdf8bfc5b,pay_fa4bdf8bfc5b,dev_fa4bdf8bfc5b,299.00,1,fulfilled,baseline
ORD-0000230,ACCT-000038,2026-03-21 16:45:47,support_assisted,C01,SN-001,addr_4272d7b750b1,pay_bfde9bbaff4a,dev_bfde9bbaff4a,699.00,1,fulfilled,diversion_path_cluster
ORD-0000231,ACCT-000038,2026-04-14 13:02:23,partner_portal,C02,SN-003,addr_4272d7b750b1,pay_bfde9bbaff4a,dev_bfde9bbaff4a,699.00,1,fulfilled,diversion_path_cluster
ORD-0000232,ACCT-000193,2026-03-14 10:43:42,marketplace,C08,SN-015,addr_0b1b87b44408,pay_0b1b87b44408,dev_0b1b87b44408,398.00,2,fulfilled,baseline
ORD-0000233,ACCT-000056,2026-03-18 15:14:18,marketplace,C06,SN-012,addr_6159e52b0f1e,pay_6159e52b0f1e,dev_4a2d4598de0f,1398.00,2,fulfilled,abuse_report_cluster
ORD-0000234,ACCT-000056,2026-05-05 01:29:36,marketplace,C03,SN-005,addr_6159e52b0f1e,pay_6159e52b0f1e,dev_4a2d4598de0f,199.00,1,fulfilled,abuse_report_cluster
ORD-0000235,ACCT-000011,2026-03-06 09:08:19,partner_portal,C02,SN-003,addr_25006e6eebc6,pay_25006e6eebc6,dev_e545545833e3,399.00,1,fulfilled,shared_device_beta
ORD-0000236,ACCT-000155,2025-10-19 23:01:25,api,C04,SN-008,addr_70b590ba6ce0,pay_70b590ba6ce0,dev_70b590ba6ce0,249.00,1,fulfilled,baseline
ORD-0000237,ACCT-000041,2025-09-10 11:45:28,partner_portal,C01,SN-001,addr_4272d7b750b1,pay_3a8792e89d9c,dev_3a8792e89d9c,398.00,2,fulfilled,diversion_path_cluster
ORD-0000238,ACCT-000041,2025-09-11 15:20:40,partner_portal,C02,SN-004,addr_4272d7b750b1,pay_3a8792e89d9c,dev_3a8792e89d9c,499.00,1,fulfilled,diversion_path_cluster
ORD-0000239,ACCT-000041,2025-11-28 18:37:00,partner_portal,C01,SN-001,addr_4272d7b750b1,pay_3a8792e89d9c,dev_3a8792e89d9c,699.00,1,paid,diversion_path_cluster
ORD-0000240,ACCT-000360,2026-04-27 22:52:52,partner_portal,C02,SN-004,addr_5f8615442188,pay_5f8615442188,dev_5f8615442188,299.00,1,paid,baseline
ORD-0000241,ACCT-000176,2026-02-04 03:22:21,api,C03,SN-006,addr_3ef209e84abd,pay_3ef209e84abd,dev_3ef209e84abd,499.00,1,fulfilled,baseline
ORD-0000242,ACCT-000176,2026-03-25 09:58:03,partner_portal,C03,SN-006,addr_3ef209e84abd,pay_3ef209e84abd,dev_3ef209e84abd,199.00,1,fulfilled,baseline
ORD-0000243,ACCT-000068,2025-09-24 20:30:21,marketplace,C07,SN-014,addr_d7eeab41615c,pay_d7eeab41615c,dev_d7eeab41615c,2097.00,3,fulfilled,support_script_cluster
ORD-0000244,ACCT-000068,2025-11-26 20:39:00,partner_portal,C05,SN-009,addr_d7eeab41615c,pay_d7eeab41615c,dev_d7eeab41615c,699.00,1,fulfilled,support_script_cluster
ORD-0000245,ACCT-000119,2026-02-09 10:54:48,partner_portal,C05,SN-009,addr_90ede04301fd,pay_90ede04301fd,dev_90ede04301fd,299.00,1,fulfilled,baseline
ORD-0000246,ACCT-000235,2026-02-07 16:39:11,api,C02,SN-003,addr_64b6937f9cc8,pay_64b6937f9cc8,dev_64b6937f9cc8,398.00,2,fulfilled,baseline
ORD-0000247,ACCT-000235,2026-04-12 04:05:54,partner_portal,C05,SN-010,addr_64b6937f9cc8,pay_64b6937f9cc8,dev_64b6937f9cc8,199.00,1,fulfilled,baseline
ORD-0000248,ACCT-000235,2026-04-15 22:05:04,support_assisted,C05,SN-009,addr_64b6937f9cc8,pay_64b6937f9cc8,dev_64b6937f9cc8,499.00,1,paid,baseline
ORD-0000249,ACCT-000241,2026-02-26 04:40:50,web,C04,SN-007,addr_7ed39a9d78f8,pay_7ed39a9d78f8,dev_7ed39a9d78f8,249.00,1,paid,baseline
ORD-0000250,ACCT-000054,2026-04-08 18:37:32,api,C06,SN-012,addr_6918d7dc6512,pay_6918d7dc6512,dev_4a2d4598de0f,699.00,1,fulfilled,abuse_report_cluster
ORD-0000251,ACCT-000332,2026-03-20 14:25:37,support_assisted,C04,SN-007,addr_2a30f31c29f9,pay_2a30f31c29f9,dev_2a30f31c29f9,399.00,1,fulfilled,baseline
ORD-0000252,ACCT-000031,2026-03-22 01:56:03,support_assisted,C01,SN-001,addr_392f81762383,pay_392f81762383,dev_86e1a0a4a6a7,299.00,1,fulfilled,rapid_transfer_cluster
ORD-0000253,ACCT-000254,2026-04-02 05:09:29,partner_portal,C02,SN-004,addr_262b4fe8703c,pay_262b4fe8703c,dev_262b4fe8703c,598.00,2,fulfilled,baseline
ORD-0000254,ACCT-000297,2025-06-17 03:31:17,web,C03,SN-006,addr_65cd0601f80b,pay_65cd0601f80b,dev_65cd0601f80b,249.00,1,fulfilled,baseline
ORD-0000255,ACCT-000293,2025-11-25 20:32:37,api,C02,SN-004,addr_6d604b03ebd7,pay_6d604b03ebd7,dev_6d604b03ebd7,299.00,1,fulfilled,baseline
ORD-0000256,ACCT-000043,2025-07-19 17:54:33,support_assisted,C01,SN-001,addr_4272d7b750b1,pay_3610ff4b55c8,dev_3610ff4b55c8,399.00,1,cancelled,diversion_path_cluster
ORD-0000257,ACCT-000043,2026-04-02 10:35:15,marketplace,C01,SN-001,addr_4272d7b750b1,pay_3610ff4b55c8,dev_3610ff4b55c8,499.00,1,fulfilled,diversion_path_cluster
ORD-0000258,ACCT-000184,2026-02-03 05:43:38,support_assisted,C03,SN-006,addr_88cdd94b075b,pay_88cdd94b075b,dev_88cdd94b075b,499.00,1,fulfilled,baseline
ORD-0000259,ACCT-000285,2025-10-09 20:52:48,support_assisted,C03,SN-006,addr_836d834cf1c2,pay_836d834cf1c2,dev_836d834cf1c2,499.00,1,fulfilled,baseline
ORD-0000260,ACCT-000285,2025-12-17 07:29:49,marketplace,C03,SN-005,addr_836d834cf1c2,pay_836d834cf1c2,dev_836d834cf1c2,699.00,1,fulfilled,baseline
ORD-0000261,ACCT-000028,2026-04-14 13:06:59,api,C08,SN-016,addr_c74bc854314c,pay_5a7b53240a6c,dev_c74bc854314c,998.00,2,fulfilled,bulk_order_burst
ORD-0000262,ACCT-000028,2026-04-14 13:16:59,web,C03,SN-005,addr_c74bc854314c,pay_5a7b53240a6c,dev_c74bc854314c,897.00,3,fulfilled,bulk_order_burst
ORD-0000263,ACCT-000028,2026-04-14 19:14:59,support_assisted,C05,SN-010,addr_c74bc854314c,pay_5a7b53240a6c,dev_c74bc854314c,598.00,2,paid,bulk_order_burst
ORD-0000264,ACCT-000028,2026-04-15 04:31:59,api,C04,SN-007,addr_c74bc854314c,pay_5a7b53240a6c,dev_c74bc854314c,897.00,3,fulfilled,bulk_order_burst
ORD-0000265,ACCT-000028,2026-04-15 06:10:59,api,C03,SN-006,addr_c74bc854314c,pay_5a7b53240a6c,dev_c74bc854314c,2097.00,3,fulfilled,bulk_order_burst
ORD-0000266,ACCT-000052,2025-12-10 22:14:07,support_assisted,C06,SN-011,addr_045fba08b0a8,pay_045fba08b0a8,dev_4a2d4598de0f,399.00,1,fulfilled,abuse_report_cluster
ORD-0000267,ACCT-000207,2025-12-20 18:08:36,partner_portal,C01,SN-002,addr_5f712a00a490,pay_5f712a00a490,dev_5f712a00a490,299.00,1,paid,baseline
ORD-0000268,ACCT-000222,2025-08-01 20:08:23,web,C07,SN-014,addr_8a856efd3e08,pay_8a856efd3e08,dev_8a856efd3e08,299.00,1,fulfilled,baseline
ORD-0000269,ACCT-000070,2025-08-22 09:38:00,partner_portal,C04,SN-007,addr_851334feaf46,pay_851334feaf46,dev_851334feaf46,499.00,1,paid,support_script_cluster
ORD-0000270,ACCT-000070,2025-10-26 00:36:12,api,C04,SN-008,addr_851334feaf46,pay_851334feaf46,dev_851334feaf46,699.00,1,fulfilled,support_script_cluster
ORD-0000271,ACCT-000116,2026-01-03 13:22:11,web,C04,SN-007,addr_13679fd50436,pay_13679fd50436,dev_13679fd50436,499.00,1,paid,baseline
ORD-0000272,ACCT-000082,2026-02-15 03:18:21,marketplace,C04,SN-007,addr_a512ba1b3b74,pay_a512ba1b3b74,dev_a512ba1b3b74,299.00,1,fulfilled,baseline
ORD-0000273,ACCT-000082,2026-03-25 14:56:55,marketplace,C04,SN-007,addr_a512ba1b3b74,pay_a512ba1b3b74,dev_a512ba1b3b74,249.00,1,fulfilled,baseline
ORD-0000274,ACCT-000341,2025-05-01 19:34:21,web,C07,SN-013,addr_fa863eb3d3b0,pay_fa863eb3d3b0,dev_fa863eb3d3b0,699.00,1,paid,baseline
ORD-0000275,ACCT-000318,2026-01-07 08:49:41,api,C01,SN-001,addr_6f165713de97,pay_6f165713de97,dev_6f165713de97,499.00,1,fulfilled,baseline
ORD-0000276,ACCT-000318,2026-03-07 18:12:20,web,C01,SN-001,addr_6f165713de97,pay_6f165713de97,dev_6f165713de97,199.00,1,fulfilled,baseline
ORD-0000277,ACCT-000208,2026-04-24 22:51:32,api,C02,SN-004,addr_1708e6ccd695,pay_1708e6ccd695,dev_1708e6ccd695,699.00,1,fulfilled,baseline
ORD-0000278,ACCT-000311,2026-03-10 23:49:28,api,C03,SN-006,addr_fca2ac2d30b9,pay_fca2ac2d30b9,dev_fca2ac2d30b9,299.00,1,fulfilled,baseline
ORD-0000279,ACCT-000311,2026-05-02 21:39:45,partner_portal,C07,SN-013,addr_fca2ac2d30b9,pay_fca2ac2d30b9,dev_fca2ac2d30b9,249.00,1,fulfilled,baseline
ORD-0000280,ACCT-000067,2025-12-27 21:09:49,partner_portal,C03,SN-005,addr_e96a32c77533,pay_e96a32c77533,dev_e96a32c77533,249.00,1,fulfilled,watchlisted_reseller_cluster
ORD-0000281,ACCT-000067,2026-02-20 08:07:16,partner_portal,C05,SN-009,addr_e96a32c77533,pay_e96a32c77533,dev_e96a32c77533,249.00,1,fulfilled,watchlisted_reseller_cluster
ORD-0000282,ACCT-000067,2026-04-28 17:04:48,partner_portal,C03,SN-005,addr_e96a32c77533,pay_e96a32c77533,dev_e96a32c77533,299.00,1,fulfilled,watchlisted_reseller_cluster
ORD-0000283,ACCT-000075,2025-08-19 05:09:28,api,C06,SN-012,addr_8229e3b99ebd,pay_8229e3b99ebd,dev_8229e3b99ebd,249.00,1,fulfilled,support_script_cluster
ORD-0000284,ACCT-000075,2026-02-03 00:41:29,partner_portal,C06,SN-011,addr_8229e3b99ebd,pay_8229e3b99ebd,dev_8229e3b99ebd,399.00,1,fulfilled,support_script_cluster
ORD-0000285,ACCT-000231,2025-12-13 15:28:25,support_assisted,C08,SN-015,addr_1ea66a802a0c,pay_1ea66a802a0c,dev_1ea66a802a0c,199.00,1,fulfilled,baseline
ORD-0000286,ACCT-000231,2026-01-12 11:22:13,support_assisted,C01,SN-002,addr_1ea66a802a0c,pay_1ea66a802a0c,dev_1ea66a802a0c,399.00,1,fulfilled,baseline
ORD-0000287,ACCT-000034,2025-12-27 22:29:19,marketplace,C04,SN-008,addr_a24dcdaeba0a,pay_a24dcdaeba0a,dev_86e1a0a4a6a7,249.00,1,fulfilled,rapid_transfer_cluster
ORD-0000288,ACCT-000034,2026-01-30 21:09:54,marketplace,C04,SN-008,addr_a24dcdaeba0a,pay_a24dcdaeba0a,dev_86e1a0a4a6a7,399.00,1,fulfilled,rapid_transfer_cluster
ORD-0000289,ACCT-000170,2026-01-28 21:15:21,partner_portal,C02,SN-004,addr_69b4500de6a7,pay_69b4500de6a7,dev_69b4500de6a7,299.00,1,fulfilled,baseline
ORD-0000290,ACCT-000170,2026-02-03 03:21:59,marketplace,C05,SN-010,addr_69b4500de6a7,pay_69b4500de6a7,dev_69b4500de6a7,299.00,1,fulfilled,baseline
ORD-0000291,ACCT-000170,2026-02-07 01:24:23,partner_portal,C04,SN-008,addr_69b4500de6a7,pay_69b4500de6a7,dev_69b4500de6a7,699.00,1,fulfilled,baseline
ORD-0000292,ACCT-000112,2026-02-13 14:25:37,web,C05,SN-010,addr_f073e1e02cba,pay_f073e1e02cba,dev_f073e1e02cba,499.00,1,paid,baseline
ORD-0000293,ACCT-000228,2026-02-17 00:38:59,partner_portal,C08,SN-016,addr_6087d30cb6e7,pay_6087d30cb6e7,dev_6087d30cb6e7,1398.00,2,fulfilled,baseline
ORD-0000294,ACCT-000146,2026-03-28 07:09:43,web,C05,SN-010,addr_e9ee8c67f5da,pay_e9ee8c67f5da,dev_e9ee8c67f5da,399.00,1,fulfilled,baseline
ORD-0000295,ACCT-000152,2025-02-25 00:52:37,marketplace,C07,SN-013,addr_753be371c280,pay_753be371c280,dev_753be371c280,399.00,1,fulfilled,baseline
ORD-0000296,ACCT-000020,2026-01-19 16:24:00,support_assisted,C03,SN-006,addr_9a6f846daeb6,pay_9bcf3cf73595,dev_9bcf3cf73595,499.00,1,fulfilled,shared_shipping_gamma
ORD-0000297,ACCT-000020,2026-01-27 08:32:20,api,C03,SN-005,addr_9a6f846daeb6,pay_9bcf3cf73595,dev_9bcf3cf73595,299.00,1,fulfilled,shared_shipping_gamma
ORD-0000298,ACCT-000259,2026-04-04 12:46:12,marketplace,C03,SN-006,addr_68fb291d4968,pay_68fb291d4968,dev_68fb291d4968,998.00,2,fulfilled,baseline
ORD-0000299,ACCT-000287,2026-01-20 07:21:15,support_assisted,C03,SN-005,addr_521804746d84,pay_521804746d84,dev_521804746d84,199.00,1,fulfilled,baseline
ORD-0000300,ACCT-000287,2026-02-03 12:19:09,marketplace,C04,SN-007,addr_521804746d84,pay_521804746d84,dev_521804746d84,398.00,2,fulfilled,baseline
ORD-0000301,ACCT-000035,2025-05-24 00:34:29,marketplace,C04,SN-008,addr_3966fa3f02e0,pay_3966fa3f02e0,dev_86e1a0a4a6a7,249.00,1,fulfilled,rapid_transfer_cluster
ORD-0000302,ACCT-000035,2025-06-03 12:34:50,partner_portal,C04,SN-007,addr_3966fa3f02e0,pay_3966fa3f02e0,dev_86e1a0a4a6a7,399.00,1,fulfilled,rapid_transfer_cluster
ORD-0000303,ACCT-000130,2025-12-29 15:50:44,partner_portal,C03,SN-006,addr_96d70cf07420,pay_96d70cf07420,dev_96d70cf07420,798.00,2,fulfilled,baseline
ORD-0000304,ACCT-000130,2026-01-07 00:29:56,partner_portal,C01,SN-002,addr_96d70cf07420,pay_96d70cf07420,dev_96d70cf07420,199.00,1,fulfilled,baseline
ORD-0000305,ACCT-000025,2025-05-21 03:08:49,marketplace,C01,SN-002,addr_e661e1f3ab60,pay_5a7b53240a6c,dev_e661e1f3ab60,1398.00,2,paid,bulk_order_burst
ORD-0000306,ACCT-000025,2025-05-21 08:08:49,partner_portal,C07,SN-014,addr_e661e1f3ab60,pay_5a7b53240a6c,dev_e661e1f3ab60,897.00,3,cancelled,bulk_order_burst
ORD-0000307,ACCT-000025,2025-05-21 09:28:49,support_assisted,C01,SN-001,addr_e661e1f3ab60,pay_5a7b53240a6c,dev_e661e1f3ab60,747.00,3,fulfilled,bulk_order_burst
ORD-0000308,ACCT-000025,2025-05-21 10:21:49,support_assisted,C01,SN-002,addr_e661e1f3ab60,pay_5a7b53240a6c,dev_e661e1f3ab60,1497.00,3,fulfilled,bulk_order_burst
ORD-0000309,ACCT-000025,2025-05-21 10:49:49,marketplace,C01,SN-002,addr_e661e1f3ab60,pay_5a7b53240a6c,dev_e661e1f3ab60,897.00,3,cancelled,bulk_order_burst
ORD-0000310,ACCT-000149,2026-02-13 23:35:07,support_assisted,C01,SN-002,addr_ce3ee3e45550,pay_ce3ee3e45550,dev_ce3ee3e45550,399.00,1,fulfilled,baseline
ORD-0000311,ACCT-000022,2025-07-21 20:12:41,marketplace,C02,SN-004,addr_9a6f846daeb6,pay_cf2b3b402326,dev_cf2b3b402326,1398.00,2,fulfilled,shared_shipping_gamma
ORD-0000312,ACCT-000192,2025-09-06 21:36:25,marketplace,C06,SN-011,addr_c7358770dcc3,pay_c7358770dcc3,dev_c7358770dcc3,399.00,1,fulfilled,baseline
ORD-0000313,ACCT-000192,2026-03-26 07:11:13,partner_portal,C02,SN-004,addr_c7358770dcc3,pay_c7358770dcc3,dev_c7358770dcc3,199.00,1,fulfilled,baseline
ORD-0000314,ACCT-000118,2026-03-27 05:29:04,partner_portal,C04,SN-007,addr_18cf0e19dc0a,pay_18cf0e19dc0a,dev_18cf0e19dc0a,597.00,3,fulfilled,baseline
ORD-0000315,ACCT-000118,2026-03-29 19:33:23,partner_portal,C01,SN-002,addr_18cf0e19dc0a,pay_18cf0e19dc0a,dev_18cf0e19dc0a,699.00,1,fulfilled,baseline
ORD-0000316,ACCT-000096,2025-09-19 07:41:24,partner_portal,C03,SN-005,addr_c516c3045bca,pay_c516c3045bca,dev_c516c3045bca,499.00,1,fulfilled,baseline
ORD-0000317,ACCT-000180,2025-04-19 01:00:16,marketplace,C03,SN-005,addr_2186241dc439,pay_2186241dc439,dev_2186241dc439,199.00,1,fulfilled,baseline
ORD-0000318,ACCT-000180,2025-06-02 06:16:10,web,C03,SN-005,addr_2186241dc439,pay_2186241dc439,dev_2186241dc439,398.00,2,fulfilled,baseline
ORD-0000319,ACCT-000106,2026-02-16 21:27:09,partner_portal,C05,SN-009,addr_99e3a3647845,pay_99e3a3647845,dev_99e3a3647845,897.00,3,paid,baseline
ORD-0000320,ACCT-000106,2026-02-20 18:49:31,partner_portal,C05,SN-009,addr_99e3a3647845,pay_99e3a3647845,dev_99e3a3647845,1197.00,3,fulfilled,baseline
ORD-0000321,ACCT-000106,2026-04-13 13:18:14,partner_portal,C05,SN-009,addr_99e3a3647845,pay_99e3a3647845,dev_99e3a3647845,699.00,1,fulfilled,baseline
ORD-0000322,ACCT-000134,2026-02-04 17:32:25,marketplace,C08,SN-015,addr_5cb37d7114e1,pay_5cb37d7114e1,dev_5cb37d7114e1,699.00,1,fulfilled,baseline
ORD-0000323,ACCT-000217,2026-03-01 15:41:49,partner_portal,C07,SN-013,addr_9f21e4dca681,pay_9f21e4dca681,dev_9f21e4dca681,399.00,1,fulfilled,baseline
ORD-0000324,ACCT-000217,2026-04-23 12:33:48,api,C07,SN-013,addr_9f21e4dca681,pay_9f21e4dca681,dev_9f21e4dca681,798.00,2,fulfilled,baseline
ORD-0000325,ACCT-000277,2025-11-03 06:17:23,partner_portal,C05,SN-010,addr_e2801e9f9af5,pay_e2801e9f9af5,dev_e2801e9f9af5,798.00,2,fulfilled,baseline
ORD-0000326,ACCT-000277,2026-01-08 18:13:36,partner_portal,C03,SN-005,addr_e2801e9f9af5,pay_e2801e9f9af5,dev_e2801e9f9af5,299.00,1,fulfilled,baseline
ORD-0000327,ACCT-000072,2026-04-29 15:47:18,partner_portal,C03,SN-005,addr_5e8ae30e1396,pay_5e8ae30e1396,dev_5e8ae30e1396,699.00,1,fulfilled,support_script_cluster
ORD-0000328,ACCT-000183,2025-10-28 20:59:36,partner_portal,C08,SN-016,addr_21425d506ce5,pay_21425d506ce5,dev_21425d506ce5,199.00,1,fulfilled,baseline
ORD-0000329,ACCT-000183,2025-12-01 18:25:35,partner_portal,C08,SN-015,addr_21425d506ce5,pay_21425d506ce5,dev_21425d506ce5,249.00,1,fulfilled,baseline
ORD-0000330,ACCT-000037,2025-09-01 10:38:18,partner_portal,C01,SN-001,addr_4272d7b750b1,pay_53974cb2ed11,dev_53974cb2ed11,399.00,1,paid,diversion_path_cluster
ORD-0000331,ACCT-000037,2026-03-18 23:34:33,support_assisted,C01,SN-002,addr_4272d7b750b1,pay_53974cb2ed11,dev_53974cb2ed11,1398.00,2,fulfilled,diversion_path_cluster
ORD-0000332,ACCT-000282,2026-03-02 19:25:53,api,C08,SN-015,addr_b49a4f41eb32,pay_b49a4f41eb32,dev_b49a4f41eb32,499.00,1,fulfilled,baseline
ORD-0000333,ACCT-000108,2025-12-13 09:31:37,api,C07,SN-014,addr_e19af19c85a5,pay_e19af19c85a5,dev_e19af19c85a5,199.00,1,fulfilled,baseline
ORD-0000334,ACCT-000331,2026-01-22 01:42:30,partner_portal,C05,SN-010,addr_2b6c3d9cb70e,pay_2b6c3d9cb70e,dev_2b6c3d9cb70e,399.00,1,fulfilled,baseline
ORD-0000335,ACCT-000331,2026-01-31 00:27:36,partner_portal,C06,SN-011,addr_2b6c3d9cb70e,pay_2b6c3d9cb70e,dev_2b6c3d9cb70e,299.00,1,fulfilled,baseline
ORD-0000336,ACCT-000331,2026-03-11 06:38:39,support_assisted,C06,SN-012,addr_2b6c3d9cb70e,pay_2b6c3d9cb70e,dev_2b6c3d9cb70e,249.00,1,paid,baseline
ORD-0000337,ACCT-000331,2026-03-21 10:12:25,partner_portal,C06,SN-012,addr_2b6c3d9cb70e,pay_2b6c3d9cb70e,dev_2b6c3d9cb70e,699.00,1,fulfilled,baseline
ORD-0000338,ACCT-000136,2026-04-18 00:48:10,web,C02,SN-004,addr_b97359f10668,pay_b97359f10668,dev_b97359f10668,499.00,1,paid,baseline
ORD-0000339,ACCT-000309,2026-01-14 21:43:37,partner_portal,C07,SN-013,addr_91b5ad4b6c27,pay_91b5ad4b6c27,dev_91b5ad4b6c27,1197.00,3,fulfilled,baseline
ORD-0000340,ACCT-000281,2026-04-07 12:24:31,partner_portal,C01,SN-001,addr_b8ea5df500e4,pay_b8ea5df500e4,dev_b8ea5df500e4,199.00,1,fulfilled,baseline
ORD-0000341,ACCT-000281,2026-04-20 01:04:21,partner_portal,C01,SN-002,addr_b8ea5df500e4,pay_b8ea5df500e4,dev_b8ea5df500e4,499.00,1,fulfilled,baseline
ORD-0000342,ACCT-000281,2026-04-21 23:39:05,partner_portal,C01,SN-002,addr_b8ea5df500e4,pay_b8ea5df500e4,dev_b8ea5df500e4,249.00,1,fulfilled,baseline
ORD-0000343,ACCT-000281,2026-04-26 03:43:16,partner_portal,C02,SN-003,addr_b8ea5df500e4,pay_b8ea5df500e4,dev_b8ea5df500e4,199.00,1,fulfilled,baseline
ORD-0000344,ACCT-000079,2026-01-31 13:23:30,api,C03,SN-005,addr_26f49ca7aeab,pay_26f49ca7aeab,dev_26f49ca7aeab,499.00,1,fulfilled,baseline
ORD-0000345,ACCT-000298,2026-03-29 09:39:54,partner_portal,C06,SN-011,addr_87a270369490,pay_87a270369490,dev_87a270369490,399.00,1,fulfilled,baseline
ORD-0000346,ACCT-000305,2025-12-11 21:39:08,marketplace,C02,SN-004,addr_5df64dc50325,pay_5df64dc50325,dev_5df64dc50325,399.00,1,fulfilled,baseline
ORD-0000347,ACCT-000305,2025-12-29 00:39:47,support_assisted,C01,SN-001,addr_5df64dc50325,pay_5df64dc50325,dev_5df64dc50325,1497.00,3,fulfilled,baseline
ORD-0000348,ACCT-000305,2026-03-05 06:19:32,marketplace,C03,SN-006,addr_5df64dc50325,pay_5df64dc50325,dev_5df64dc50325,299.00,1,fulfilled,baseline
ORD-0000349,ACCT-000305,2026-04-19 21:25:16,partner_portal,C03,SN-005,addr_5df64dc50325,pay_5df64dc50325,dev_5df64dc50325,299.00,1,fulfilled,baseline
ORD-0000350,ACCT-000218,2025-07-22 15:45:22,api,C05,SN-010,addr_264fba39a896,pay_264fba39a896,dev_264fba39a896,399.00,1,fulfilled,baseline
ORD-0000351,ACCT-000001,2026-02-13 15:32:17,marketplace,C01,SN-002,addr_cb0d1acc5dcc,pay_60b92a1ac155,dev_cb0d1acc5dcc,199.00,1,cancelled,shared_payment_alpha
ORD-0000352,ACCT-000313,2025-12-03 07:12:25,marketplace,C03,SN-005,addr_a8d358253c27,pay_a8d358253c27,dev_a8d358253c27,199.00,1,fulfilled,baseline
ORD-0000353,ACCT-000244,2026-04-26 17:26:31,partner_portal,C04,SN-008,addr_752e2246adc0,pay_752e2246adc0,dev_752e2246adc0,199.00,1,paid,baseline
ORD-0000354,ACCT-000003,2026-03-30 12:08:36,api,C03,SN-006,addr_c68783dbd820,pay_60b92a1ac155,dev_c68783dbd820,199.00,1,fulfilled,shared_payment_alpha
ORD-0000355,ACCT-000225,2025-08-17 08:20:40,marketplace,C03,SN-005,addr_b3f1670541bf,pay_b3f1670541bf,dev_b3f1670541bf,199.00,1,fulfilled,baseline
ORD-0000356,ACCT-000225,2025-10-12 22:46:54,api,C08,SN-015,addr_b3f1670541bf,pay_b3f1670541bf,dev_b3f1670541bf,199.00,1,fulfilled,baseline
ORD-0000357,ACCT-000339,2026-03-18 21:19:06,api,C07,SN-013,addr_68ba47fc5a93,pay_68ba47fc5a93,dev_68ba47fc5a93,699.00,1,paid,baseline
ORD-0000358,ACCT-000163,2025-11-12 17:29:26,api,C03,SN-005,addr_e5f0d16d6b57,pay_e5f0d16d6b57,dev_e5f0d16d6b57,249.00,1,paid,baseline
ORD-0000359,ACCT-000089,2026-02-15 23:13:28,support_assisted,C06,SN-011,addr_60fa7d1152db,pay_60fa7d1152db,dev_60fa7d1152db,399.00,1,fulfilled,baseline
ORD-0000360,ACCT-000089,2026-03-03 23:33:49,web,C08,SN-015,addr_60fa7d1152db,pay_60fa7d1152db,dev_60fa7d1152db,499.00,1,fulfilled,baseline
ORD-0000361,ACCT-000089,2026-04-08 04:52:01,web,C06,SN-012,addr_60fa7d1152db,pay_60fa7d1152db,dev_60fa7d1152db,499.00,1,fulfilled,baseline
ORD-0000362,ACCT-000089,2026-04-25 04:27:57,marketplace,C06,SN-011,addr_60fa7d1152db,pay_60fa7d1152db,dev_60fa7d1152db,249.00,1,fulfilled,baseline
ORD-0000363,ACCT-000286,2025-03-19 05:31:04,marketplace,C06,SN-011,addr_2d81b4ba36da,pay_2d81b4ba36da,dev_2d81b4ba36da,299.00,1,fulfilled,baseline
ORD-0000364,ACCT-000307,2026-01-20 17:32:42,partner_portal,C07,SN-014,addr_8c6eef05a1c4,pay_8c6eef05a1c4,dev_8c6eef05a1c4,747.00,3,cancelled,baseline
ORD-0000365,ACCT-000307,2026-03-28 17:42:39,partner_portal,C02,SN-003,addr_8c6eef05a1c4,pay_8c6eef05a1c4,dev_8c6eef05a1c4,399.00,1,fulfilled,baseline
ORD-0000366,ACCT-000302,2025-10-14 03:26:24,support_assisted,C03,SN-005,addr_f59d13591452,pay_f59d13591452,dev_f59d13591452,199.00,1,fulfilled,baseline
ORD-0000367,ACCT-000302,2026-02-04 23:58:40,web,C03,SN-005,addr_f59d13591452,pay_f59d13591452,dev_f59d13591452,199.00,1,fulfilled,baseline
ORD-0000368,ACCT-000302,2026-03-27 12:53:58,api,C01,SN-002,addr_f59d13591452,pay_f59d13591452,dev_f59d13591452,597.00,3,fulfilled,baseline
ORD-0000369,ACCT-000105,2025-02-17 20:36:58,partner_portal,C04,SN-008,addr_ad975c5b11d5,pay_ad975c5b11d5,dev_ad975c5b11d5,299.00,1,fulfilled,baseline
ORD-0000370,ACCT-000105,2025-07-25 06:44:18,web,C04,SN-007,addr_ad975c5b11d5,pay_ad975c5b11d5,dev_ad975c5b11d5,299.00,1,fulfilled,baseline
ORD-0000371,ACCT-000105,2025-12-27 23:35:20,marketplace,C04,SN-007,addr_ad975c5b11d5,pay_ad975c5b11d5,dev_ad975c5b11d5,299.00,1,fulfilled,baseline
ORD-0000372,ACCT-000274,2025-07-26 07:42:34,partner_portal,C07,SN-013,addr_0c2b45a2be1e,pay_0c2b45a2be1e,dev_0c2b45a2be1e,798.00,2,paid,baseline
ORD-0000373,ACCT-000004,2026-01-31 01:27:02,support_assisted,C03,SN-006,addr_28dc6ace34b5,pay_60b92a1ac155,dev_28dc6ace34b5,747.00,3,fulfilled,shared_payment_alpha
ORD-0000374,ACCT-000078,2026-03-21 06:54:56,partner_portal,C03,SN-006,addr_658f8a5f5544,pay_658f8a5f5544,dev_658f8a5f5544,249.00,1,fulfilled,baseline
ORD-0000375,ACCT-000078,2026-04-18 10:07:44,partner_portal,C04,SN-008,addr_658f8a5f5544,pay_658f8a5f5544,dev_658f8a5f5544,199.00,1,fulfilled,baseline
ORD-0000376,ACCT-000078,2026-04-19 12:57:05,partner_portal,C04,SN-007,addr_658f8a5f5544,pay_658f8a5f5544,dev_658f8a5f5544,199.00,1,paid,baseline
ORD-0000377,ACCT-000301,2026-01-16 21:47:08,web,C04,SN-008,addr_fdfb5784657c,pay_fdfb5784657c,dev_fdfb5784657c,699.00,1,paid,baseline
ORD-0000378,ACCT-000301,2026-02-19 01:11:49,marketplace,C04,SN-008,addr_fdfb5784657c,pay_fdfb5784657c,dev_fdfb5784657c,998.00,2,fulfilled,baseline
ORD-0000379,ACCT-000101,2025-05-30 11:05:27,support_assisted,C08,SN-016,addr_b26d483861d1,pay_b26d483861d1,dev_b26d483861d1,699.00,1,fulfilled,baseline
ORD-0000380,ACCT-000267,2026-04-15 07:53:24,marketplace,C07,SN-013,addr_07068bb2cf77,pay_07068bb2cf77,dev_07068bb2cf77,199.00,1,fulfilled,baseline
ORD-0000381,ACCT-000238,2026-03-07 20:42:40,partner_portal,C08,SN-015,addr_3ba28a6bd41f,pay_3ba28a6bd41f,dev_3ba28a6bd41f,299.00,1,fulfilled,baseline
ORD-0000382,ACCT-000125,2025-11-23 22:49:29,web,C02,SN-003,addr_500986068dfa,pay_500986068dfa,dev_500986068dfa,998.00,2,paid,baseline
ORD-0000383,ACCT-000125,2025-12-06 10:21:49,api,C02,SN-004,addr_500986068dfa,pay_500986068dfa,dev_500986068dfa,499.00,1,fulfilled,baseline
ORD-0000384,ACCT-000156,2025-12-20 19:10:34,support_assisted,C02,SN-003,addr_488fc075513d,pay_488fc075513d,dev_488fc075513d,1497.00,3,fulfilled,baseline
ORD-0000385,ACCT-000150,2025-09-08 19:53:38,partner_portal,C08,SN-015,addr_90d2599b7553,pay_90d2599b7553,dev_90d2599b7553,399.00,1,fulfilled,baseline
ORD-0000386,ACCT-000150,2026-03-02 01:46:03,partner_portal,C08,SN-015,addr_90d2599b7553,pay_90d2599b7553,dev_90d2599b7553,1398.00,2,fulfilled,baseline
ORD-0000387,ACCT-000150,2026-04-02 07:50:37,partner_portal,C08,SN-016,addr_90d2599b7553,pay_90d2599b7553,dev_90d2599b7553,399.00,1,paid,baseline
ORD-0000388,ACCT-000351,2026-02-06 12:46:21,web,C02,SN-004,addr_513e167bd56d,pay_513e167bd56d,dev_513e167bd56d,399.00,1,fulfilled,baseline
ORD-0000389,ACCT-000005,2025-06-14 07:55:29,partner_portal,C02,SN-003,addr_fe7ef2baf72d,pay_60b92a1ac155,dev_fe7ef2baf72d,399.00,1,fulfilled,shared_payment_alpha
ORD-0000390,ACCT-000005,2025-10-15 18:49:25,support_assisted,C02,SN-003,addr_fe7ef2baf72d,pay_60b92a1ac155,dev_fe7ef2baf72d,798.00,2,fulfilled,shared_payment_alpha
ORD-0000391,ACCT-000005,2026-03-17 18:25:50,api,C07,SN-014,addr_fe7ef2baf72d,pay_60b92a1ac155,dev_fe7ef2baf72d,699.00,1,fulfilled,shared_payment_alpha
ORD-0000392,ACCT-000005,2026-03-31 02:23:29,support_assisted,C02,SN-004,addr_fe7ef2baf72d,pay_60b92a1ac155,dev_fe7ef2baf72d,249.00,1,paid,shared_payment_alpha
ORD-0000393,ACCT-000319,2025-06-11 23:11:39,support_assisted,C06,SN-011,addr_fcc1dd9036f0,pay_fcc1dd9036f0,dev_fcc1dd9036f0,498.00,2,fulfilled,baseline
ORD-0000394,ACCT-000319,2025-07-03 22:12:23,support_assisted,C06,SN-012,addr_fcc1dd9036f0,pay_fcc1dd9036f0,dev_fcc1dd9036f0,399.00,1,fulfilled,baseline
ORD-0000395,ACCT-000319,2026-03-12 06:45:40,api,C06,SN-012,addr_fcc1dd9036f0,pay_fcc1dd9036f0,dev_fcc1dd9036f0,249.00,1,fulfilled,baseline
ORD-0000396,ACCT-000356,2025-03-22 07:55:03,partner_portal,C07,SN-013,addr_409d65da78d7,pay_409d65da78d7,dev_409d65da78d7,399.00,1,fulfilled,baseline
ORD-0000397,ACCT-000356,2025-04-02 08:08:31,partner_portal,C07,SN-013,addr_409d65da78d7,pay_409d65da78d7,dev_409d65da78d7,498.00,2,fulfilled,baseline
ORD-0000398,ACCT-000168,2025-12-27 09:32:40,partner_portal,C05,SN-009,addr_e8f183f88bb2,pay_e8f183f88bb2,dev_e8f183f88bb2,399.00,1,fulfilled,baseline
ORD-0000399,ACCT-000160,2026-03-03 16:26:24,api,C06,SN-012,addr_2ee2af294a6a,pay_2ee2af294a6a,dev_2ee2af294a6a,199.00,1,paid,baseline
ORD-0000400,ACCT-000145,2025-06-30 21:46:40,api,C01,SN-002,addr_ef7626af44cc,pay_ef7626af44cc,dev_ef7626af44cc,199.00,1,fulfilled,baseline
ORD-0000401,ACCT-000239,2026-02-27 20:39:17,partner_portal,C08,SN-015,addr_a8181871f7e1,pay_a8181871f7e1,dev_a8181871f7e1,499.00,1,fulfilled,baseline
ORD-0000402,ACCT-000036,2025-08-19 04:41:19,partner_portal,C01,SN-002,addr_4272d7b750b1,pay_ec27798b7438,dev_ec27798b7438,499.00,1,fulfilled,diversion_path_cluster
ORD-0000403,ACCT-000036,2025-09-29 11:47:17,support_assisted,C02,SN-003,addr_4272d7b750b1,pay_ec27798b7438,dev_ec27798b7438,498.00,2,fulfilled,diversion_path_cluster
ORD-0000404,ACCT-000036,2025-12-30 10:54:51,marketplace,C01,SN-001,addr_4272d7b750b1,pay_ec27798b7438,dev_ec27798b7438,398.00,2,fulfilled,diversion_path_cluster
ORD-0000405,ACCT-000206,2026-04-02 04:29:25,partner_portal,C02,SN-004,addr_d02729fee711,pay_d02729fee711,dev_d02729fee711,399.00,1,fulfilled,baseline
ORD-0000406,ACCT-000206,2026-04-16 22:49:25,api,C08,SN-016,addr_d02729fee711,pay_d02729fee711,dev_d02729fee711,499.00,1,fulfilled,baseline
ORD-0000407,ACCT-000206,2026-05-03 16:59:35,marketplace,C08,SN-015,addr_d02729fee711,pay_d02729fee711,dev_d02729fee711,249.00,1,paid,baseline
ORD-0000408,ACCT-000300,2026-01-06 10:33:04,web,C07,SN-014,addr_8a69c424cea3,pay_8a69c424cea3,dev_8a69c424cea3,249.00,1,fulfilled,baseline
ORD-0000409,ACCT-000347,2025-04-21 17:48:01,support_assisted,C08,SN-015,addr_0c8d046de0f6,pay_0c8d046de0f6,dev_0c8d046de0f6,299.00,1,paid,baseline
ORD-0000410,ACCT-000352,2025-11-30 16:29:39,web,C08,SN-015,addr_0a7b6a00e218,pay_0a7b6a00e218,dev_0a7b6a00e218,399.00,1,fulfilled,baseline
ORD-0000411,ACCT-000352,2026-03-19 13:29:34,support_assisted,C03,SN-005,addr_0a7b6a00e218,pay_0a7b6a00e218,dev_0a7b6a00e218,299.00,1,fulfilled,baseline
ORD-0000412,ACCT-000295,2025-09-16 20:59:58,support_assisted,C04,SN-007,addr_9ace3607d332,pay_9ace3607d332,dev_9ace3607d332,2796.00,4,fulfilled,baseline
ORD-0000413,ACCT-000027,2026-04-17 12:49:15,partner_portal,C02,SN-003,addr_8d61bb5e8b32,pay_5a7b53240a6c,dev_8d61bb5e8b32,1996.00,4,fulfilled,bulk_order_burst
ORD-0000414,ACCT-000027,2026-04-17 14:06:15,partner_portal,C01,SN-002,addr_8d61bb5e8b32,pay_5a7b53240a6c,dev_8d61bb5e8b32,1596.00,4,fulfilled,bulk_order_burst
ORD-0000415,ACCT-000027,2026-04-17 21:22:15,partner_portal,C01,SN-002,addr_8d61bb5e8b32,pay_5a7b53240a6c,dev_8d61bb5e8b32,1197.00,3,fulfilled,bulk_order_burst
ORD-0000416,ACCT-000027,2026-04-18 01:47:15,partner_portal,C01,SN-002,addr_8d61bb5e8b32,pay_5a7b53240a6c,dev_8d61bb5e8b32,747.00,3,fulfilled,bulk_order_burst
ORD-0000417,ACCT-000027,2026-04-18 01:50:15,web,C01,SN-001,addr_8d61bb5e8b32,pay_5a7b53240a6c,dev_8d61bb5e8b32,1495.00,5,cancelled,bulk_order_burst
ORD-0000418,ACCT-000027,2026-04-18 02:48:15,marketplace,C01,SN-001,addr_8d61bb5e8b32,pay_5a7b53240a6c,dev_8d61bb5e8b32,995.00,5,fulfilled,bulk_order_burst
ORD-0000419,ACCT-000027,2026-04-18 05:03:15,marketplace,C01,SN-002,addr_8d61bb5e8b32,pay_5a7b53240a6c,dev_8d61bb5e8b32,2495.00,5,paid,bulk_order_burst
ORD-0000420,ACCT-000258,2025-04-28 15:18:05,partner_portal,C07,SN-013,addr_5d7fb0eca3a4,pay_5d7fb0eca3a4,dev_5d7fb0eca3a4,299.00,1,fulfilled,baseline
ORD-0000421,ACCT-000345,2026-02-10 01:16:58,partner_portal,C02,SN-003,addr_5350ff7f0f07,pay_5350ff7f0f07,dev_5350ff7f0f07,499.00,1,fulfilled,baseline
ORD-0000422,ACCT-000334,2025-09-14 14:08:49,web,C07,SN-013,addr_54abb37ed8e5,pay_54abb37ed8e5,dev_54abb37ed8e5,798.00,2,fulfilled,baseline
ORD-0000423,ACCT-000321,2026-03-25 03:29:12,api,C04,SN-008,addr_3991015ccda4,pay_3991015ccda4,dev_3991015ccda4,498.00,2,paid,baseline
ORD-0000424,ACCT-000139,2026-01-26 11:52:41,api,C06,SN-012,addr_7efbe0754120,pay_7efbe0754120,dev_7efbe0754120,299.00,1,fulfilled,baseline
ORD-0000425,ACCT-000164,2026-03-27 11:44:41,partner_portal,C08,SN-015,addr_d08eab28f69e,pay_d08eab28f69e,dev_d08eab28f69e,699.00,1,fulfilled,baseline
ORD-0000426,ACCT-000214,2025-10-01 14:16:36,support_assisted,C01,SN-002,addr_9d574ac1e2c3,pay_9d574ac1e2c3,dev_9d574ac1e2c3,499.00,1,paid,baseline
ORD-0000427,ACCT-000214,2025-11-28 23:34:11,api,C01,SN-001,addr_9d574ac1e2c3,pay_9d574ac1e2c3,dev_9d574ac1e2c3,399.00,1,fulfilled,baseline
ORD-0000428,ACCT-000214,2026-03-14 20:32:22,web,C01,SN-002,addr_9d574ac1e2c3,pay_9d574ac1e2c3,dev_9d574ac1e2c3,299.00,1,fulfilled,baseline
ORD-0000429,ACCT-000165,2026-04-29 06:25:49,api,C07,SN-014,addr_25f8d91c75f1,pay_25f8d91c75f1,dev_25f8d91c75f1,199.00,1,paid,baseline
ORD-0000430,ACCT-000115,2025-07-09 10:21:46,api,C01,SN-001,addr_43745417e948,pay_43745417e948,dev_43745417e948,399.00,1,fulfilled,baseline
ORD-0000431,ACCT-000115,2025-10-30 23:57:57,support_assisted,C01,SN-001,addr_43745417e948,pay_43745417e948,dev_43745417e948,598.00,2,fulfilled,baseline
ORD-0000432,ACCT-000215,2026-02-07 13:28:24,partner_portal,C06,SN-011,addr_ed2ae025db1a,pay_ed2ae025db1a,dev_ed2ae025db1a,699.00,1,paid,baseline
ORD-0000433,ACCT-000284,2025-04-06 10:39:09,web,C07,SN-013,addr_78d32079d251,pay_78d32079d251,dev_78d32079d251,798.00,2,fulfilled,baseline
ORD-0000434,ACCT-000284,2025-05-29 16:49:06,marketplace,C05,SN-009,addr_78d32079d251,pay_78d32079d251,dev_78d32079d251,399.00,1,fulfilled,baseline
ORD-0000435,ACCT-000077,2026-01-09 09:55:13,web,C01,SN-002,addr_355d8cf678b4,pay_355d8cf678b4,dev_355d8cf678b4,499.00,1,fulfilled,baseline
ORD-0000436,ACCT-000197,2026-04-25 20:06:15,support_assisted,C02,SN-003,addr_1bb4285f12ba,pay_1bb4285f12ba,dev_1bb4285f12ba,699.00,1,fulfilled,baseline
ORD-0000437,ACCT-000187,2026-02-14 23:58:03,support_assisted,C05,SN-010,addr_40d48489acc1,pay_40d48489acc1,dev_40d48489acc1,897.00,3,paid,baseline
ORD-0000438,ACCT-000242,2025-10-14 07:38:58,partner_portal,C01,SN-001,addr_7c53605c80e0,pay_7c53605c80e0,dev_7c53605c80e0,199.00,1,fulfilled,baseline
ORD-0000439,ACCT-000024,2026-03-17 22:41:21,api,C01,SN-002,addr_08c19fdf0696,pay_5a7b53240a6c,dev_08c19fdf0696,1497.00,3,fulfilled,bulk_order_burst
ORD-0000440,ACCT-000024,2026-03-17 23:06:21,partner_portal,C04,SN-007,addr_08c19fdf0696,pay_5a7b53240a6c,dev_08c19fdf0696,398.00,2,paid,bulk_order_burst
ORD-0000441,ACCT-000024,2026-03-18 04:36:21,marketplace,C04,SN-007,addr_08c19fdf0696,pay_5a7b53240a6c,dev_08c19fdf0696,1197.00,3,fulfilled,bulk_order_burst
ORD-0000442,ACCT-000024,2026-03-18 09:02:21,partner_portal,C04,SN-007,addr_08c19fdf0696,pay_5a7b53240a6c,dev_08c19fdf0696,598.00,2,cancelled,bulk_order_burst
ORD-0000443,ACCT-000024,2026-03-18 12:54:21,web,C04,SN-008,addr_08c19fdf0696,pay_5a7b53240a6c,dev_08c19fdf0696,1995.00,5,fulfilled,bulk_order_burst
ORD-0000444,ACCT-000024,2026-03-18 13:49:21,support_assisted,C04,SN-008,addr_08c19fdf0696,pay_5a7b53240a6c,dev_08c19fdf0696,996.00,4,fulfilled,bulk_order_burst
ORD-0000445,ACCT-000357,2026-04-09 10:21:15,web,C05,SN-010,addr_93b6da43d7b6,pay_93b6da43d7b6,dev_93b6da43d7b6,499.00,1,fulfilled,baseline
ORD-0000446,ACCT-000344,2025-11-13 06:05:53,api,C03,SN-005,addr_5490c45ad7c3,pay_5490c45ad7c3,dev_5490c45ad7c3,249.00,1,fulfilled,baseline
ORD-0000447,ACCT-000023,2025-03-21 11:11:19,api,C03,SN-005,addr_f1f24a662090,pay_5a7b53240a6c,dev_f1f24a662090,995.00,5,fulfilled,bulk_order_burst
ORD-0000448,ACCT-000023,2025-03-21 12:06:19,partner_portal,C03,SN-006,addr_f1f24a662090,pay_5a7b53240a6c,dev_f1f24a662090,1398.00,2,fulfilled,bulk_order_burst
ORD-0000449,ACCT-000023,2025-03-21 17:50:19,marketplace,C03,SN-005,addr_f1f24a662090,pay_5a7b53240a6c,dev_f1f24a662090,1495.00,5,fulfilled,bulk_order_burst
ORD-0000450,ACCT-000023,2025-03-21 18:44:19,support_assisted,C03,SN-005,addr_f1f24a662090,pay_5a7b53240a6c,dev_f1f24a662090,747.00,3,fulfilled,bulk_order_burst
ORD-0000451,ACCT-000023,2025-03-21 22:02:19,web,C03,SN-005,addr_f1f24a662090,pay_5a7b53240a6c,dev_f1f24a662090,1398.00,2,fulfilled,bulk_order_burst
ORD-0000452,ACCT-000002,2026-01-08 06:03:34,api,C04,SN-008,addr_7a20757b8887,pay_60b92a1ac155,dev_7a20757b8887,249.00,1,fulfilled,shared_payment_alpha
ORD-0000453,ACCT-000261,2025-12-17 09:53:10,partner_portal,C04,SN-007,addr_e475ad94996d,pay_e475ad94996d,dev_e475ad94996d,249.00,1,paid,baseline
ORD-0000454,ACCT-000117,2026-03-13 09:08:51,partner_portal,C05,SN-009,addr_3a2af70c1d97,pay_3a2af70c1d97,dev_3a2af70c1d97,399.00,1,fulfilled,baseline
ORD-0000455,ACCT-000354,2026-03-10 04:33:42,api,C01,SN-001,addr_5b7680e1e176,pay_5b7680e1e176,dev_5b7680e1e176,199.00,1,paid,baseline
ORD-0000456,ACCT-000294,2025-11-09 12:58:22,support_assisted,C07,SN-014,addr_6608b6c8fe38,pay_6608b6c8fe38,dev_6608b6c8fe38,398.00,2,fulfilled,baseline
ORD-0000457,ACCT-000053,2026-03-19 00:18:55,support_assisted,C06,SN-011,addr_554ca5d70052,pay_554ca5d70052,dev_4a2d4598de0f,398.00,2,fulfilled,abuse_report_cluster
ORD-0000458,ACCT-000131,2025-09-16 19:18:36,web,C05,SN-009,addr_2396b1c1ea4f,pay_2396b1c1ea4f,dev_2396b1c1ea4f,699.00,1,paid,baseline
ORD-0000459,ACCT-000081,2025-12-26 18:34:03,support_assisted,C07,SN-013,addr_ca34864e1500,pay_ca34864e1500,dev_ca34864e1500,299.00,1,fulfilled,baseline
ORD-0000460,ACCT-000189,2026-01-25 16:49:05,support_assisted,C08,SN-016,addr_116c4edb1d8e,pay_116c4edb1d8e,dev_116c4edb1d8e,299.00,1,fulfilled,baseline
ORD-0000461,ACCT-000335,2025-09-02 11:11:41,support_assisted,C03,SN-006,addr_e2ba1c55184d,pay_e2ba1c55184d,dev_e2ba1c55184d,399.00,1,fulfilled,baseline
ORD-0000462,ACCT-000335,2026-01-16 03:44:44,marketplace,C03,SN-006,addr_e2ba1c55184d,pay_e2ba1c55184d,dev_e2ba1c55184d,699.00,1,fulfilled,baseline
ORD-0000463,ACCT-000291,2025-08-25 19:49:13,api,C01,SN-001,addr_30f1beba9a57,pay_30f1beba9a57,dev_30f1beba9a57,249.00,1,fulfilled,baseline
ORD-0000464,ACCT-000291,2025-12-05 22:03:33,marketplace,C01,SN-002,addr_30f1beba9a57,pay_30f1beba9a57,dev_30f1beba9a57,699.00,1,fulfilled,baseline
ORD-0000465,ACCT-000256,2026-02-05 16:06:59,marketplace,C01,SN-002,addr_34909c78a782,pay_34909c78a782,dev_34909c78a782,299.00,1,fulfilled,baseline
ORD-0000466,ACCT-000256,2026-03-09 22:37:35,web,C01,SN-001,addr_34909c78a782,pay_34909c78a782,dev_34909c78a782,399.00,1,fulfilled,baseline
ORD-0000467,ACCT-000350,2025-06-13 05:46:59,web,C05,SN-010,addr_5ee11479d633,pay_5ee11479d633,dev_5ee11479d633,398.00,2,paid,baseline
ORD-0000468,ACCT-000350,2026-03-07 02:02:40,api,C08,SN-016,addr_5ee11479d633,pay_5ee11479d633,dev_5ee11479d633,299.00,1,fulfilled,baseline
ORD-0000469,ACCT-000185,2025-07-12 13:05:50,support_assisted,C02,SN-004,addr_d0b58534f734,pay_d0b58534f734,dev_d0b58534f734,2796.00,4,fulfilled,baseline
ORD-0000470,ACCT-000262,2026-02-06 10:02:50,api,C01,SN-002,addr_6e99b05ddf39,pay_6e99b05ddf39,dev_6e99b05ddf39,499.00,1,fulfilled,baseline
ORD-0000471,ACCT-000234,2025-11-26 20:21:45,partner_portal,C05,SN-009,addr_d5d2f1c6e670,pay_d5d2f1c6e670,dev_d5d2f1c6e670,699.00,1,fulfilled,baseline
ORD-0000472,ACCT-000340,2025-09-19 13:55:59,api,C01,SN-002,addr_d905f8351ae4,pay_d905f8351ae4,dev_d905f8351ae4,249.00,1,paid,baseline
ORD-0000473,ACCT-000040,2025-10-21 07:11:04,partner_portal,C01,SN-002,addr_4272d7b750b1,pay_07fe78b2ecbf,dev_07fe78b2ecbf,499.00,1,fulfilled,diversion_path_cluster
ORD-0000474,ACCT-000040,2026-01-23 20:28:37,api,C01,SN-002,addr_4272d7b750b1,pay_07fe78b2ecbf,dev_07fe78b2ecbf,199.00,1,fulfilled,diversion_path_cluster
ORD-0000475,ACCT-000322,2025-10-15 09:52:18,api,C08,SN-015,addr_116945fe3651,pay_116945fe3651,dev_116945fe3651,299.00,1,paid,baseline
ORD-0000476,ACCT-000322,2025-12-02 04:46:16,api,C07,SN-014,addr_116945fe3651,pay_116945fe3651,dev_116945fe3651,499.00,1,cancelled,baseline
ORD-0000477,ACCT-000322,2026-01-16 22:34:34,partner_portal,C02,SN-003,addr_116945fe3651,pay_116945fe3651,dev_116945fe3651,1497.00,3,fulfilled,baseline
ORD-0000478,ACCT-000135,2025-12-01 14:17:09,api,C05,SN-010,addr_aa19682620c4,pay_aa19682620c4,dev_aa19682620c4,399.00,1,fulfilled,baseline
ORD-0000479,ACCT-000033,2026-02-23 22:28:18,support_assisted,C04,SN-008,addr_871b32789072,pay_871b32789072,dev_86e1a0a4a6a7,249.00,1,fulfilled,rapid_transfer_cluster
ORD-0000480,ACCT-000033,2026-03-26 06:17:22,web,C04,SN-008,addr_871b32789072,pay_871b32789072,dev_86e1a0a4a6a7,299.00,1,fulfilled,rapid_transfer_cluster
ORD-0000481,ACCT-000269,2025-10-29 17:59:22,web,C05,SN-009,addr_ee3fe2797a25,pay_ee3fe2797a25,dev_ee3fe2797a25,998.00,2,fulfilled,baseline
ORD-0000482,ACCT-000269,2026-03-01 16:15:30,web,C04,SN-008,addr_ee3fe2797a25,pay_ee3fe2797a25,dev_ee3fe2797a25,699.00,1,fulfilled,baseline
ORD-0000483,ACCT-000140,2026-03-16 10:46:08,marketplace,C07,SN-013,addr_5f63ceda4522,pay_5f63ceda4522,dev_5f63ceda4522,498.00,2,fulfilled,baseline
ORD-0000484,ACCT-000140,2026-03-16 18:51:29,web,C07,SN-013,addr_5f63ceda4522,pay_5f63ceda4522,dev_5f63ceda4522,597.00,3,fulfilled,baseline
ORD-0000485,ACCT-000220,2025-12-16 02:06:21,partner_portal,C08,SN-016,addr_1deb01830ebe,pay_1deb01830ebe,dev_1deb01830ebe,249.00,1,fulfilled,baseline
ORD-0000486,ACCT-000172,2026-03-20 06:58:50,api,C03,SN-006,addr_f34bce01f255,pay_f34bce01f255,dev_f34bce01f255,398.00,2,fulfilled,baseline
ORD-0000487,ACCT-000061,2026-02-24 07:10:53,partner_portal,C04,SN-007,addr_afc1251e6dd0,pay_afc1251e6dd0,dev_afc1251e6dd0,199.00,1,fulfilled,watchlisted_reseller_cluster
ORD-0000488,ACCT-000138,2025-06-06 10:39:19,partner_portal,C03,SN-006,addr_f54908241938,pay_f54908241938,dev_f54908241938,398.00,2,fulfilled,baseline
ORD-0000489,ACCT-000065,2026-02-10 17:22:05,partner_portal,C03,SN-006,addr_2207716b4804,pay_2207716b4804,dev_2207716b4804,998.00,2,fulfilled,watchlisted_reseller_cluster
ORD-0000490,ACCT-000065,2026-03-27 09:10:05,partner_portal,C05,SN-009,addr_2207716b4804,pay_2207716b4804,dev_2207716b4804,199.00,1,fulfilled,watchlisted_reseller_cluster
ORD-0000491,ACCT-000086,2026-01-26 11:41:45,partner_portal,C07,SN-014,addr_167b7f18a27d,pay_167b7f18a27d,dev_167b7f18a27d,1398.00,2,fulfilled,baseline
ORD-0000492,ACCT-000133,2025-02-25 21:45:56,marketplace,C01,SN-002,addr_beb7355a652b,pay_beb7355a652b,dev_beb7355a652b,249.00,1,fulfilled,baseline
ORD-0000493,ACCT-000265,2025-06-02 10:11:20,web,C06,SN-012,addr_2f2a99262d46,pay_2f2a99262d46,dev_2f2a99262d46,399.00,1,fulfilled,baseline
ORD-0000494,ACCT-000265,2026-03-10 11:55:50,partner_portal,C06,SN-012,addr_2f2a99262d46,pay_2f2a99262d46,dev_2f2a99262d46,747.00,3,fulfilled,baseline
ORD-0000495,ACCT-000178,2025-10-28 17:15:30,marketplace,C04,SN-008,addr_f95d35ea6f02,pay_f95d35ea6f02,dev_f95d35ea6f02,1398.00,2,paid,baseline
ORD-0000496,ACCT-000178,2026-04-24 13:34:37,web,C04,SN-008,addr_f95d35ea6f02,pay_f95d35ea6f02,dev_f95d35ea6f02,199.00,1,fulfilled,baseline
ORD-0000497,ACCT-000255,2025-08-19 06:49:42,marketplace,C03,SN-006,addr_607d4cdae431,pay_607d4cdae431,dev_607d4cdae431,399.00,1,fulfilled,baseline
ORD-0000498,ACCT-000071,2026-04-22 17:48:26,api,C04,SN-007,addr_3cde8b07f0a3,pay_3cde8b07f0a3,dev_3cde8b07f0a3,399.00,1,fulfilled,support_script_cluster
ORD-0000499,ACCT-000007,2025-11-19 12:59:01,marketplace,C01,SN-002,addr_9e79e9aeba07,pay_60b92a1ac155,dev_9e79e9aeba07,796.00,4,fulfilled,shared_payment_alpha
ORD-0000500,ACCT-000062,2025-11-20 07:43:21,partner_portal,C01,SN-002,addr_803402ee258c,pay_803402ee258c,dev_803402ee258c,249.00,1,fulfilled,watchlisted_reseller_cluster
ORD-0000501,ACCT-000062,2026-01-25 07:05:12,partner_portal,C02,SN-004,addr_803402ee258c,pay_803402ee258c,dev_803402ee258c,699.00,1,fulfilled,watchlisted_reseller_cluster
ORD-0000502,ACCT-000090,2025-10-05 17:37:36,web,C07,SN-014,addr_57a61b9d8fab,pay_57a61b9d8fab,dev_57a61b9d8fab,499.00,1,fulfilled,baseline
ORD-0000503,ACCT-000090,2026-01-23 14:40:34,api,C07,SN-013,addr_57a61b9d8fab,pay_57a61b9d8fab,dev_57a61b9d8fab,249.00,1,fulfilled,baseline
ORD-0000504,ACCT-000337,2026-01-02 14:34:38,partner_portal,C04,SN-007,addr_290a900605b9,pay_290a900605b9,dev_290a900605b9,399.00,1,paid,baseline
ORD-0000505,ACCT-000342,2026-02-08 09:40:53,marketplace,C03,SN-006,addr_cf8791ec9c98,pay_cf8791ec9c98,dev_cf8791ec9c98,598.00,2,fulfilled,baseline
ORD-0000506,ACCT-000342,2026-02-19 08:57:04,partner_portal,C03,SN-005,addr_cf8791ec9c98,pay_cf8791ec9c98,dev_cf8791ec9c98,798.00,2,fulfilled,baseline
ORD-0000507,ACCT-000342,2026-03-18 20:38:29,support_assisted,C03,SN-005,addr_cf8791ec9c98,pay_cf8791ec9c98,dev_cf8791ec9c98,499.00,1,fulfilled,baseline
ORD-0000508,ACCT-000342,2026-04-26 22:21:02,support_assisted,C03,SN-005,addr_cf8791ec9c98,pay_cf8791ec9c98,dev_cf8791ec9c98,498.00,2,fulfilled,baseline
ORD-0000509,ACCT-000159,2025-10-18 01:19:01,partner_portal,C06,SN-012,addr_568ebd94ae07,pay_568ebd94ae07,dev_568ebd94ae07,498.00,2,fulfilled,baseline
ORD-0000510,ACCT-000029,2026-03-02 01:55:16,support_assisted,C03,SN-005,addr_30b7a82f82a4,pay_30b7a82f82a4,dev_86e1a0a4a6a7,598.00,2,fulfilled,rapid_transfer_cluster
ORD-0000511,ACCT-000312,2026-01-31 06:26:12,marketplace,C04,SN-008,addr_3a1a92c63d38,pay_3a1a92c63d38,dev_3a1a92c63d38,399.00,1,fulfilled,baseline
ORD-0000512,ACCT-000312,2026-02-18 13:54:52,partner_portal,C04,SN-008,addr_3a1a92c63d38,pay_3a1a92c63d38,dev_3a1a92c63d38,699.00,1,fulfilled,baseline
ORD-0000513,ACCT-000314,2025-12-14 09:45:37,partner_portal,C04,SN-007,addr_dd2e8403fc19,pay_dd2e8403fc19,dev_dd2e8403fc19,299.00,1,fulfilled,baseline
ORD-0000514,ACCT-000233,2025-07-16 09:13:54,support_assisted,C05,SN-009,addr_399e21ff263c,pay_399e21ff263c,dev_399e21ff263c,399.00,1,fulfilled,baseline
ORD-0000515,ACCT-000233,2025-12-30 20:51:10,api,C05,SN-009,addr_399e21ff263c,pay_399e21ff263c,dev_399e21ff263c,299.00,1,fulfilled,baseline
ORD-0000516,ACCT-000233,2026-01-21 21:29:07,support_assisted,C04,SN-007,addr_399e21ff263c,pay_399e21ff263c,dev_399e21ff263c,199.00,1,fulfilled,baseline
ORD-0000517,ACCT-000233,2026-04-12 23:15:35,partner_portal,C01,SN-001,addr_399e21ff263c,pay_399e21ff263c,dev_399e21ff263c,499.00,1,fulfilled,baseline
ORD-0000518,ACCT-000060,2025-09-19 01:19:35,partner_portal,C03,SN-005,addr_b863883eefd1,pay_b863883eefd1,dev_b863883eefd1,249.00,1,fulfilled,watchlisted_reseller_cluster
ORD-0000519,ACCT-000045,2025-09-24 23:08:53,api,C04,SN-007,addr_374c4a3c5124,pay_e4dcd8395e79,dev_374c4a3c5124,499.00,1,fulfilled,chargeback_cluster
ORD-0000520,ACCT-000045,2026-01-29 08:57:01,marketplace,C04,SN-008,addr_374c4a3c5124,pay_e4dcd8395e79,dev_374c4a3c5124,249.00,1,fulfilled,chargeback_cluster
ORD-0000521,ACCT-000126,2026-04-03 13:07:30,support_assisted,C04,SN-007,addr_b73c809f6207,pay_b73c809f6207,dev_b73c809f6207,498.00,2,fulfilled,baseline
ORD-0000522,ACCT-000030,2025-10-07 04:33:37,partner_portal,C01,SN-002,addr_421d98a0e563,pay_421d98a0e563,dev_86e1a0a4a6a7,499.00,1,paid,rapid_transfer_cluster
ORD-0000523,ACCT-000123,2025-12-11 11:46:52,marketplace,C07,SN-013,addr_838b5ed709e4,pay_838b5ed709e4,dev_838b5ed709e4,1398.00,2,fulfilled,baseline
ORD-0000524,ACCT-000123,2026-04-05 12:27:08,partner_portal,C07,SN-014,addr_838b5ed709e4,pay_838b5ed709e4,dev_838b5ed709e4,699.00,1,fulfilled,baseline
ORD-0000525,ACCT-000224,2026-02-18 05:17:36,partner_portal,C07,SN-014,addr_a7b67c2b3c51,pay_a7b67c2b3c51,dev_a7b67c2b3c51,249.00,1,fulfilled,baseline
